{
	"metaDataVersion": "1.0.0",
	"category": "com.microchip.ide.project",
	"content": {
		"metaDataVersion": "1.3.0",
		"name": "com.microchip.mcu32.mplabx.project.gfx_apps_pic32mz_da_legato_video_player_legato_vp_mzda_cu_tm5000",
		"version": "3.10.0",
		"displayName": "Legato Video Player Example for PIC32MZ DA Family",
		"projectName": "legato_video_player_mzda_cu_tm5000",
		"shortDescription": "This application demonstrates:",
		"ide": {
			"name": "MPLABX",
			"semverRange": ">=5.45.0"
		},
		"compiler": [
			{
				"name": "XC32",
				"semverRange": ">=2.50.0"
			}
		],
		"dfp": {
			"name": "PIC32MZ-DA_DFP",
			"semverRange": "^1.2.102"
		},
		"configurator": {
			"name": "MHC",
			"semverRange": ">=3.6.2"
		},
		"device": {
			"metaDataVersion": "1.0.0",
			"category": "com.microchip.portal.contentRef",
			"content": {
				"metaDataVersion": "1.0.0",
				"category": "com.microchip.device",
				"name": "PIC32MZ2064DAR176",
				"versionRange": "*"
			}
		},
		"author": "Microchip",
		"keywords": [
			"MHC",
			"MCC",
			"MIPS",
			"Harmony",
			"Middleware",
			"Graphics",
			"Memory",
			"Legato",
			"DDR2",
            "maXTouch",
			"Touch",
            "I2C",
			"GPU",
			"Video",
			"I2C",
			"Graphics Controller",
            "USB",
            "File System"
		],
		"additionalData": {
			"longDescription": {
				"metaDataVersion": "1.0.0",
				"category": "com.microchip.portal.fileRef",
				"content": {
					"metaDataVersion": "1.0.0",
					"fileName": "./../../readme.md",
					"mimeType": "text/markdown"
				}
			}
		}
	}
}
