<?xml version="1.0" encoding="UTF-8"?>
<configurationDescriptor version="65">
  <logicalFolder name="root" displayName="root" projectFiles="true">
    <logicalFolder name="HeaderFiles"
                   displayName="Header Files"
                   projectFiles="true">
      <logicalFolder name="f1" displayName="config" projectFiles="true">
        <logicalFolder name="f1"
                       displayName="glcd_rgba8888_mxt_mzda_intddr_cu_wvga"
                       projectFiles="true">
          <logicalFolder name="f7" displayName="bsp" projectFiles="true">
            <itemPath>../src/config/glcd_rgba8888_mxt_mzda_intddr_cu_wvga/bsp/bsp.h</itemPath>
          </logicalFolder>
          <logicalFolder name="f3" displayName="driver" projectFiles="true">
            <logicalFolder name="f1" displayName="i2c" projectFiles="true">
              <itemPath>../src/config/glcd_rgba8888_mxt_mzda_intddr_cu_wvga/driver/i2c/drv_i2c.h</itemPath>
              <itemPath>../src/config/glcd_rgba8888_mxt_mzda_intddr_cu_wvga/driver/i2c/drv_i2c_definitions.h</itemPath>
            </logicalFolder>
            <logicalFolder name="f2" displayName="input" projectFiles="true">
              <itemPath>../src/config/glcd_rgba8888_mxt_mzda_intddr_cu_wvga/driver/input/drv_maxtouch.h</itemPath>
            </logicalFolder>
            <logicalFolder name="f3" displayName="sdmmc" projectFiles="true">
              <itemPath>../src/config/glcd_rgba8888_mxt_mzda_intddr_cu_wvga/driver/sdmmc/drv_sdmmc.h</itemPath>
              <itemPath>../src/config/glcd_rgba8888_mxt_mzda_intddr_cu_wvga/driver/sdmmc/src/drv_sdmmc_local.h</itemPath>
              <itemPath>../src/config/glcd_rgba8888_mxt_mzda_intddr_cu_wvga/driver/sdmmc/drv_sdmmc_definitions.h</itemPath>
            </logicalFolder>
            <logicalFolder name="f4" displayName="usb" projectFiles="true">
              <logicalFolder name="f1" displayName="usbhs" projectFiles="true">
                <logicalFolder name="f1" displayName="src" projectFiles="true">
                  <logicalFolder name="f1" displayName="templates" projectFiles="true">
                    <itemPath>../src/config/glcd_rgba8888_mxt_mzda_intddr_cu_wvga/driver/usb/usbhs/src/templates/usbhs_registers.h</itemPath>
                    <itemPath>../src/config/glcd_rgba8888_mxt_mzda_intddr_cu_wvga/driver/usb/usbhs/src/templates/usbhs_ClockResetControl_Default.h</itemPath>
                    <itemPath>../src/config/glcd_rgba8888_mxt_mzda_intddr_cu_wvga/driver/usb/usbhs/src/templates/usbhs_ClockResetControl_Unsupported.h</itemPath>
                    <itemPath>../src/config/glcd_rgba8888_mxt_mzda_intddr_cu_wvga/driver/usb/usbhs/src/templates/usbhs_EndpointFIFO_Default.h</itemPath>
                    <itemPath>../src/config/glcd_rgba8888_mxt_mzda_intddr_cu_wvga/driver/usb/usbhs/src/templates/usbhs_EndpointFIFO_Unsupported.h</itemPath>
                    <itemPath>../src/config/glcd_rgba8888_mxt_mzda_intddr_cu_wvga/driver/usb/usbhs/src/templates/usbhs_EndpointOperations_Default.h</itemPath>
                    <itemPath>../src/config/glcd_rgba8888_mxt_mzda_intddr_cu_wvga/driver/usb/usbhs/src/templates/usbhs_EndpointOperations_Unsupported.h</itemPath>
                    <itemPath>../src/config/glcd_rgba8888_mxt_mzda_intddr_cu_wvga/driver/usb/usbhs/src/templates/usbhs_EP0Status_Default.h</itemPath>
                    <itemPath>../src/config/glcd_rgba8888_mxt_mzda_intddr_cu_wvga/driver/usb/usbhs/src/templates/usbhs_EP0Status_Unsupported.h</itemPath>
                    <itemPath>../src/config/glcd_rgba8888_mxt_mzda_intddr_cu_wvga/driver/usb/usbhs/src/templates/usbhs_HighSpeedSupport_Default.h</itemPath>
                    <itemPath>../src/config/glcd_rgba8888_mxt_mzda_intddr_cu_wvga/driver/usb/usbhs/src/templates/usbhs_HighSpeedSupport_Unsupported.h</itemPath>
                    <itemPath>../src/config/glcd_rgba8888_mxt_mzda_intddr_cu_wvga/driver/usb/usbhs/src/templates/usbhs_Interrupts_Default.h</itemPath>
                    <itemPath>../src/config/glcd_rgba8888_mxt_mzda_intddr_cu_wvga/driver/usb/usbhs/src/templates/usbhs_Interrupts_Unsupported.h</itemPath>
                    <itemPath>../src/config/glcd_rgba8888_mxt_mzda_intddr_cu_wvga/driver/usb/usbhs/src/templates/usbhs_ModuleControl_Default.h</itemPath>
                    <itemPath>../src/config/glcd_rgba8888_mxt_mzda_intddr_cu_wvga/driver/usb/usbhs/src/templates/usbhs_ModuleControl_Unsupported.h</itemPath>
                    <itemPath>../src/config/glcd_rgba8888_mxt_mzda_intddr_cu_wvga/driver/usb/usbhs/src/templates/usbhs_RxEPStatus_Default.h</itemPath>
                    <itemPath>../src/config/glcd_rgba8888_mxt_mzda_intddr_cu_wvga/driver/usb/usbhs/src/templates/usbhs_RxEPStatus_Unsupported.h</itemPath>
                    <itemPath>../src/config/glcd_rgba8888_mxt_mzda_intddr_cu_wvga/driver/usb/usbhs/src/templates/usbhs_SoftReset_Default.h</itemPath>
                    <itemPath>../src/config/glcd_rgba8888_mxt_mzda_intddr_cu_wvga/driver/usb/usbhs/src/templates/usbhs_SoftReset_Unsupported.h</itemPath>
                    <itemPath>../src/config/glcd_rgba8888_mxt_mzda_intddr_cu_wvga/driver/usb/usbhs/src/templates/usbhs_TxEPStatus_Default.h</itemPath>
                    <itemPath>../src/config/glcd_rgba8888_mxt_mzda_intddr_cu_wvga/driver/usb/usbhs/src/templates/usbhs_TxEPStatus_Unsupported.h</itemPath>
                    <itemPath>../src/config/glcd_rgba8888_mxt_mzda_intddr_cu_wvga/driver/usb/usbhs/src/templates/usbhs_USBIDControl_Default.h</itemPath>
                    <itemPath>../src/config/glcd_rgba8888_mxt_mzda_intddr_cu_wvga/driver/usb/usbhs/src/templates/usbhs_USBIDControl_Unsupported.h</itemPath>
                  </logicalFolder>
                  <itemPath>../src/config/glcd_rgba8888_mxt_mzda_intddr_cu_wvga/driver/usb/usbhs/src/drv_usbhs_variant_mapping.h</itemPath>
                  <itemPath>../src/config/glcd_rgba8888_mxt_mzda_intddr_cu_wvga/driver/usb/usbhs/src/drv_usbhs_local.h</itemPath>
                  <itemPath>../src/config/glcd_rgba8888_mxt_mzda_intddr_cu_wvga/driver/usb/usbhs/src/plib_usbhs.h</itemPath>
                  <itemPath>../src/config/glcd_rgba8888_mxt_mzda_intddr_cu_wvga/driver/usb/usbhs/src/plib_usbhs_header.h</itemPath>
                  <itemPath>../src/config/glcd_rgba8888_mxt_mzda_intddr_cu_wvga/driver/usb/usbhs/src/usbhs_registers.h</itemPath>
                </logicalFolder>
                <itemPath>../src/config/glcd_rgba8888_mxt_mzda_intddr_cu_wvga/driver/usb/usbhs/drv_usbhs.h</itemPath>
              </logicalFolder>
              <itemPath>../src/config/glcd_rgba8888_mxt_mzda_intddr_cu_wvga/driver/usb/drv_usb.h</itemPath>
              <itemPath>../src/config/glcd_rgba8888_mxt_mzda_intddr_cu_wvga/driver/usb/drv_usb_external_dependencies.h</itemPath>
            </logicalFolder>
            <itemPath>../src/config/glcd_rgba8888_mxt_mzda_intddr_cu_wvga/driver/driver.h</itemPath>
            <itemPath>../src/config/glcd_rgba8888_mxt_mzda_intddr_cu_wvga/driver/driver_common.h</itemPath>
          </logicalFolder>
          <logicalFolder name="f2" displayName="gfx" projectFiles="true">
            <logicalFolder name="f1" displayName="driver" projectFiles="true">
              <logicalFolder name="f2" displayName="2dgpu" projectFiles="true">
                <itemPath>../src/config/glcd_rgba8888_mxt_mzda_intddr_cu_wvga/gfx/driver/processor/2dgpu/libnano2d.h</itemPath>
              </logicalFolder>
              <logicalFolder name="f1" displayName="glcd" projectFiles="true">
                <itemPath>../src/config/glcd_rgba8888_mxt_mzda_intddr_cu_wvga/gfx/driver/gfx_driver.h</itemPath>
                <itemPath>../src/config/glcd_rgba8888_mxt_mzda_intddr_cu_wvga/gfx/driver/controller/glcd/drv_gfx_glcd.h</itemPath>
                <itemPath>../src/config/glcd_rgba8888_mxt_mzda_intddr_cu_wvga/gfx/driver/controller/glcd/plib_glcd.h</itemPath>
              </logicalFolder>
            </logicalFolder>
            <logicalFolder name="f2" displayName="legato" projectFiles="true">
              <logicalFolder name="f1" displayName="common" projectFiles="true">
                <itemPath>../src/config/glcd_rgba8888_mxt_mzda_intddr_cu_wvga/gfx/legato/common/legato_color.h</itemPath>
                <itemPath>../src/config/glcd_rgba8888_mxt_mzda_intddr_cu_wvga/gfx/legato/common/legato_common.h</itemPath>
                <itemPath>../src/config/glcd_rgba8888_mxt_mzda_intddr_cu_wvga/gfx/legato/common/legato_error.h</itemPath>
                <itemPath>../src/config/glcd_rgba8888_mxt_mzda_intddr_cu_wvga/gfx/legato/common/legato_math.h</itemPath>
                <itemPath>../src/config/glcd_rgba8888_mxt_mzda_intddr_cu_wvga/gfx/legato/common/legato_pixelbuffer.h</itemPath>
                <itemPath>../src/config/glcd_rgba8888_mxt_mzda_intddr_cu_wvga/gfx/legato/common/legato_rect.h</itemPath>
                <itemPath>../src/config/glcd_rgba8888_mxt_mzda_intddr_cu_wvga/gfx/legato/common/legato_utils.h</itemPath>
              </logicalFolder>
              <logicalFolder name="f2" displayName="core" projectFiles="true">
                <itemPath>../src/config/glcd_rgba8888_mxt_mzda_intddr_cu_wvga/gfx/legato/core/legato_event.h</itemPath>
                <itemPath>../src/config/glcd_rgba8888_mxt_mzda_intddr_cu_wvga/gfx/legato/core/legato_input.h</itemPath>
                <itemPath>../src/config/glcd_rgba8888_mxt_mzda_intddr_cu_wvga/gfx/legato/core/legato_scheme.h</itemPath>
                <itemPath>../src/config/glcd_rgba8888_mxt_mzda_intddr_cu_wvga/gfx/legato/core/legato_state.h</itemPath>
                <itemPath>../src/config/glcd_rgba8888_mxt_mzda_intddr_cu_wvga/gfx/legato/core/legato_stream.h</itemPath>
              </logicalFolder>
              <logicalFolder name="f3" displayName="datastructure" projectFiles="true">
                <itemPath>../src/config/glcd_rgba8888_mxt_mzda_intddr_cu_wvga/gfx/legato/datastructure/legato_array.h</itemPath>
                <itemPath>../src/config/glcd_rgba8888_mxt_mzda_intddr_cu_wvga/gfx/legato/datastructure/legato_list.h</itemPath>
                <itemPath>../src/config/glcd_rgba8888_mxt_mzda_intddr_cu_wvga/gfx/legato/datastructure/legato_rectarray.h</itemPath>
              </logicalFolder>
              <logicalFolder name="f4" displayName="font" projectFiles="true">
                <itemPath>../src/config/glcd_rgba8888_mxt_mzda_intddr_cu_wvga/gfx/legato/font/legato_font.h</itemPath>
              </logicalFolder>
              <logicalFolder name="f10" displayName="generated" projectFiles="true">
                <logicalFolder name="f1" displayName="screen" projectFiles="true">
                  <itemPath>../src/config/glcd_rgba8888_mxt_mzda_intddr_cu_wvga/gfx/legato/generated/screen/le_gen_screen_Screen0.h</itemPath>
                </logicalFolder>
                <itemPath>../src/config/glcd_rgba8888_mxt_mzda_intddr_cu_wvga/gfx/legato/generated/le_gen_assets.h</itemPath>
                <itemPath>../src/config/glcd_rgba8888_mxt_mzda_intddr_cu_wvga/gfx/legato/generated/le_gen_harmony.h</itemPath>
                <itemPath>../src/config/glcd_rgba8888_mxt_mzda_intddr_cu_wvga/gfx/legato/generated/le_gen_init.h</itemPath>
                <itemPath>../src/config/glcd_rgba8888_mxt_mzda_intddr_cu_wvga/gfx/legato/generated/le_gen_scheme.h</itemPath>
              </logicalFolder>
              <logicalFolder name="f5" displayName="image" projectFiles="true">
                <logicalFolder name="f2" displayName="jpeg" projectFiles="true">
                  <itemPath>../src/config/glcd_rgba8888_mxt_mzda_intddr_cu_wvga/gfx/legato/image/jpeg/legato_imagedecoder_jpeg.h</itemPath>
                  <itemPath>../src/config/glcd_rgba8888_mxt_mzda_intddr_cu_wvga/gfx/legato/image/jpeg/legato_imagedecoder_jpeg_common.h</itemPath>
                </logicalFolder>
                <logicalFolder name="f4" displayName="mono" projectFiles="true">
                  <itemPath>../src/config/glcd_rgba8888_mxt_mzda_intddr_cu_wvga/gfx/legato/image/mono/legato_imagedecoder_mono.h</itemPath>
                </logicalFolder>
                <logicalFolder name="f3" displayName="png" projectFiles="true">
                  <itemPath>../src/config/glcd_rgba8888_mxt_mzda_intddr_cu_wvga/gfx/legato/image/png/legato_imagedecoder_png.h</itemPath>
                  <itemPath>../src/config/glcd_rgba8888_mxt_mzda_intddr_cu_wvga/gfx/legato/image/png/lodepng.h</itemPath>
                </logicalFolder>
                <logicalFolder name="f1" displayName="raw" projectFiles="true">
                  <itemPath>../src/config/glcd_rgba8888_mxt_mzda_intddr_cu_wvga/gfx/legato/image/raw/legato_imagedecoder_raw.h</itemPath>
                </logicalFolder>
                <itemPath>../src/config/glcd_rgba8888_mxt_mzda_intddr_cu_wvga/gfx/legato/image/legato_image.h</itemPath>
                <itemPath>../src/config/glcd_rgba8888_mxt_mzda_intddr_cu_wvga/gfx/legato/image/legato_palette.h</itemPath>
                <itemPath>../src/config/glcd_rgba8888_mxt_mzda_intddr_cu_wvga/gfx/legato/image/legato_image_utils.h</itemPath>
              </logicalFolder>
              <logicalFolder name="f6" displayName="memory" projectFiles="true">
                <itemPath>../src/config/glcd_rgba8888_mxt_mzda_intddr_cu_wvga/gfx/legato/memory/legato_fixedheap.h</itemPath>
                <itemPath>../src/config/glcd_rgba8888_mxt_mzda_intddr_cu_wvga/gfx/legato/memory/legato_memory.h</itemPath>
                <itemPath>../src/config/glcd_rgba8888_mxt_mzda_intddr_cu_wvga/gfx/legato/memory/legato_variableheap.h</itemPath>
              </logicalFolder>
              <logicalFolder name="f7" displayName="renderer" projectFiles="true">
                <itemPath>../src/config/glcd_rgba8888_mxt_mzda_intddr_cu_wvga/gfx/legato/renderer/legato_renderer.h</itemPath>
                <itemPath>../src/config/glcd_rgba8888_mxt_mzda_intddr_cu_wvga/gfx/legato/renderer/legato_gpu.h</itemPath>
              </logicalFolder>
              <logicalFolder name="f8" displayName="string" projectFiles="true">
                <itemPath>../src/config/glcd_rgba8888_mxt_mzda_intddr_cu_wvga/gfx/legato/string/legato_dynamicstring.h</itemPath>
                <itemPath>../src/config/glcd_rgba8888_mxt_mzda_intddr_cu_wvga/gfx/legato/string/legato_fixedstring.h</itemPath>
                <itemPath>../src/config/glcd_rgba8888_mxt_mzda_intddr_cu_wvga/gfx/legato/string/legato_string.h</itemPath>
                <itemPath>../src/config/glcd_rgba8888_mxt_mzda_intddr_cu_wvga/gfx/legato/string/legato_string_renderer.h</itemPath>
                <itemPath>../src/config/glcd_rgba8888_mxt_mzda_intddr_cu_wvga/gfx/legato/string/legato_stringtable.h</itemPath>
                <itemPath>../src/config/glcd_rgba8888_mxt_mzda_intddr_cu_wvga/gfx/legato/string/legato_tablestring.h</itemPath>
                <itemPath>../src/config/glcd_rgba8888_mxt_mzda_intddr_cu_wvga/gfx/legato/string/legato_stringutils.h</itemPath>
              </logicalFolder>
              <logicalFolder name="f9" displayName="widget" projectFiles="true">
                <logicalFolder name="f1" displayName="arc" projectFiles="true">
                  <itemPath>../src/config/glcd_rgba8888_mxt_mzda_intddr_cu_wvga/gfx/legato/widget/arc/legato_widget_arc.h</itemPath>
                </logicalFolder>
                <logicalFolder name="f2" displayName="bargraph" projectFiles="true">
                  <itemPath>../src/config/glcd_rgba8888_mxt_mzda_intddr_cu_wvga/gfx/legato/widget/bargraph/legato_widget_bar_graph.h</itemPath>
                </logicalFolder>
                <logicalFolder name="f3" displayName="button" projectFiles="true">
                  <itemPath>../src/config/glcd_rgba8888_mxt_mzda_intddr_cu_wvga/gfx/legato/widget/button/legato_widget_button.h</itemPath>
                </logicalFolder>
                <logicalFolder name="f4" displayName="checkbox" projectFiles="true">
                  <itemPath>../src/config/glcd_rgba8888_mxt_mzda_intddr_cu_wvga/gfx/legato/widget/checkbox/legato_widget_checkbox.h</itemPath>
                </logicalFolder>
                <logicalFolder name="f5" displayName="circle" projectFiles="true">
                  <itemPath>../src/config/glcd_rgba8888_mxt_mzda_intddr_cu_wvga/gfx/legato/widget/circle/legato_widget_circle.h</itemPath>
                </logicalFolder>
                <logicalFolder name="f6" displayName="circulargauge" projectFiles="true">
                  <itemPath>../src/config/glcd_rgba8888_mxt_mzda_intddr_cu_wvga/gfx/legato/widget/circulargauge/legato_widget_circular_gauge.h</itemPath>
                </logicalFolder>
                <logicalFolder name="f7" displayName="circularslider" projectFiles="true">
                  <itemPath>../src/config/glcd_rgba8888_mxt_mzda_intddr_cu_wvga/gfx/legato/widget/circularslider/legato_widget_circular_slider.h</itemPath>
                </logicalFolder>
                <logicalFolder name="f8" displayName="drawsurface" projectFiles="true">
                  <itemPath>../src/config/glcd_rgba8888_mxt_mzda_intddr_cu_wvga/gfx/legato/widget/drawsurface/legato_widget_drawsurface.h</itemPath>
                </logicalFolder>
                <logicalFolder name="f9" displayName="gradient" projectFiles="true">
                  <itemPath>../src/config/glcd_rgba8888_mxt_mzda_intddr_cu_wvga/gfx/legato/widget/gradient/legato_widget_gradient.h</itemPath>
                </logicalFolder>
                <logicalFolder name="f10" displayName="groupbox" projectFiles="true">
                  <itemPath>../src/config/glcd_rgba8888_mxt_mzda_intddr_cu_wvga/gfx/legato/widget/groupbox/legato_widget_groupbox.h</itemPath>
                </logicalFolder>
                <logicalFolder name="f11" displayName="image" projectFiles="true">
                  <itemPath>../src/config/glcd_rgba8888_mxt_mzda_intddr_cu_wvga/gfx/legato/widget/image/legato_widget_image.h</itemPath>
                </logicalFolder>
                <logicalFolder name="f12" displayName="imagerotate" projectFiles="true">
                  <itemPath>../src/config/glcd_rgba8888_mxt_mzda_intddr_cu_wvga/gfx/legato/widget/imagerotate/legato_widget_imagerotate.h</itemPath>
                </logicalFolder>
                <logicalFolder name="f13" displayName="imagescale" projectFiles="true">
                  <itemPath>../src/config/glcd_rgba8888_mxt_mzda_intddr_cu_wvga/gfx/legato/widget/imagescale/legato_widget_imagescale.h</itemPath>
                </logicalFolder>
                <logicalFolder name="f14" displayName="imagesequence" projectFiles="true">
                  <itemPath>../src/config/glcd_rgba8888_mxt_mzda_intddr_cu_wvga/gfx/legato/widget/imagesequence/legato_widget_imagesequence.h</itemPath>
                </logicalFolder>
                <logicalFolder name="f15" displayName="keypad" projectFiles="true">
                  <itemPath>../src/config/glcd_rgba8888_mxt_mzda_intddr_cu_wvga/gfx/legato/widget/keypad/legato_widget_keypad.h</itemPath>
                </logicalFolder>
                <logicalFolder name="f16" displayName="label" projectFiles="true">
                  <itemPath>../src/config/glcd_rgba8888_mxt_mzda_intddr_cu_wvga/gfx/legato/widget/label/legato_widget_label.h</itemPath>
                </logicalFolder>
                <logicalFolder name="f17" displayName="line" projectFiles="true">
                  <itemPath>../src/config/glcd_rgba8888_mxt_mzda_intddr_cu_wvga/gfx/legato/widget/line/legato_widget_line.h</itemPath>
                </logicalFolder>
                <logicalFolder name="f18" displayName="linegraph" projectFiles="true">
                  <itemPath>../src/config/glcd_rgba8888_mxt_mzda_intddr_cu_wvga/gfx/legato/widget/linegraph/legato_widget_line_graph.h</itemPath>
                </logicalFolder>
                <logicalFolder name="f19" displayName="list" projectFiles="true">
                  <itemPath>../src/config/glcd_rgba8888_mxt_mzda_intddr_cu_wvga/gfx/legato/widget/list/legato_widget_list.h</itemPath>
                </logicalFolder>
                <logicalFolder name="f20" displayName="listwheel" projectFiles="true">
                  <itemPath>../src/config/glcd_rgba8888_mxt_mzda_intddr_cu_wvga/gfx/legato/widget/listwheel/legato_widget_listwheel.h</itemPath>
                </logicalFolder>
                <logicalFolder name="f21" displayName="piechart" projectFiles="true">
                  <itemPath>../src/config/glcd_rgba8888_mxt_mzda_intddr_cu_wvga/gfx/legato/widget/piechart/legato_widget_pie_chart.h</itemPath>
                </logicalFolder>
                <logicalFolder name="f22" displayName="progressbar" projectFiles="true">
                  <itemPath>../src/config/glcd_rgba8888_mxt_mzda_intddr_cu_wvga/gfx/legato/widget/progressbar/legato_widget_progressbar.h</itemPath>
                </logicalFolder>
                <logicalFolder name="f23" displayName="radialmenu" projectFiles="true">
                  <itemPath>../src/config/glcd_rgba8888_mxt_mzda_intddr_cu_wvga/gfx/legato/widget/radialmenu/legato_widget_radial_menu.h</itemPath>
                </logicalFolder>
                <logicalFolder name="f24" displayName="radiobutton" projectFiles="true">
                  <itemPath>../src/config/glcd_rgba8888_mxt_mzda_intddr_cu_wvga/gfx/legato/widget/radiobutton/legato_radiobutton_group.h</itemPath>
                  <itemPath>../src/config/glcd_rgba8888_mxt_mzda_intddr_cu_wvga/gfx/legato/widget/radiobutton/legato_widget_radiobutton.h</itemPath>
                </logicalFolder>
                <logicalFolder name="f25" displayName="rectangle" projectFiles="true">
                  <itemPath>../src/config/glcd_rgba8888_mxt_mzda_intddr_cu_wvga/gfx/legato/widget/rectangle/legato_widget_rectangle.h</itemPath>
                </logicalFolder>
                <logicalFolder name="f26" displayName="scrollbar" projectFiles="true">
                  <itemPath>../src/config/glcd_rgba8888_mxt_mzda_intddr_cu_wvga/gfx/legato/widget/scrollbar/legato_widget_scrollbar.h</itemPath>
                </logicalFolder>
                <logicalFolder name="f27" displayName="slider" projectFiles="true">
                  <itemPath>../src/config/glcd_rgba8888_mxt_mzda_intddr_cu_wvga/gfx/legato/widget/slider/legato_widget_slider.h</itemPath>
                </logicalFolder>
                <logicalFolder name="f28" displayName="textfield" projectFiles="true">
                  <itemPath>../src/config/glcd_rgba8888_mxt_mzda_intddr_cu_wvga/gfx/legato/widget/textfield/legato_widget_textfield.h</itemPath>
                </logicalFolder>
                <logicalFolder name="f29" displayName="touchtest" projectFiles="true">
                  <itemPath>../src/config/glcd_rgba8888_mxt_mzda_intddr_cu_wvga/gfx/legato/widget/touchtest/legato_widget_touchtest.h</itemPath>
                </logicalFolder>
                <logicalFolder name="f30" displayName="window" projectFiles="true">
                  <itemPath>../src/config/glcd_rgba8888_mxt_mzda_intddr_cu_wvga/gfx/legato/widget/window/legato_widget_window.h</itemPath>
                </logicalFolder>
                <itemPath>../src/config/glcd_rgba8888_mxt_mzda_intddr_cu_wvga/gfx/legato/widget/legato_editwidget.h</itemPath>
                <itemPath>../src/config/glcd_rgba8888_mxt_mzda_intddr_cu_wvga/gfx/legato/widget/legato_widget.h</itemPath>
                <itemPath>../src/config/glcd_rgba8888_mxt_mzda_intddr_cu_wvga/gfx/legato/widget/legato_widget_skin_classic_common.h</itemPath>
              </logicalFolder>
              <itemPath>../src/config/glcd_rgba8888_mxt_mzda_intddr_cu_wvga/gfx/legato/legato.h</itemPath>
              <itemPath>../src/config/glcd_rgba8888_mxt_mzda_intddr_cu_wvga/gfx/legato/legato_config.h</itemPath>
            </logicalFolder>
          </logicalFolder>
          <logicalFolder name="f6" displayName="osal" projectFiles="true">
            <itemPath>../src/config/glcd_rgba8888_mxt_mzda_intddr_cu_wvga/osal/osal.h</itemPath>
            <itemPath>../src/config/glcd_rgba8888_mxt_mzda_intddr_cu_wvga/osal/osal_definitions.h</itemPath>
            <itemPath>../src/config/glcd_rgba8888_mxt_mzda_intddr_cu_wvga/osal/osal_impl_basic.h</itemPath>
          </logicalFolder>
          <logicalFolder name="f1" displayName="peripheral" projectFiles="true">
            <logicalFolder name="f6" displayName="cache" projectFiles="true">
              <itemPath>../src/config/glcd_rgba8888_mxt_mzda_intddr_cu_wvga/peripheral/cache/plib_cache.h</itemPath>
              <itemPath>../src/config/glcd_rgba8888_mxt_mzda_intddr_cu_wvga/peripheral/cache/plib_cache_pic32mz.h</itemPath>
            </logicalFolder>
            <logicalFolder name="f4" displayName="clk" projectFiles="true">
              <itemPath>../src/config/glcd_rgba8888_mxt_mzda_intddr_cu_wvga/peripheral/clk/plib_clk.h</itemPath>
            </logicalFolder>
            <logicalFolder name="f2" displayName="coretimer" projectFiles="true">
              <itemPath>../src/config/glcd_rgba8888_mxt_mzda_intddr_cu_wvga/peripheral/coretimer/plib_coretimer.h</itemPath>
            </logicalFolder>
            <logicalFolder name="f3" displayName="ddr" projectFiles="true">
              <itemPath>../src/config/glcd_rgba8888_mxt_mzda_intddr_cu_wvga/peripheral/ddr/plib_ddr.h</itemPath>
            </logicalFolder>
            <logicalFolder name="f7" displayName="evic" projectFiles="true">
              <itemPath>../src/config/glcd_rgba8888_mxt_mzda_intddr_cu_wvga/peripheral/evic/plib_evic.h</itemPath>
            </logicalFolder>
            <logicalFolder name="f5" displayName="gpio" projectFiles="true">
              <itemPath>../src/config/glcd_rgba8888_mxt_mzda_intddr_cu_wvga/peripheral/gpio/plib_gpio.h</itemPath>
            </logicalFolder>
            <logicalFolder name="f8" displayName="i2c" projectFiles="true">
              <logicalFolder name="f1" displayName="master" projectFiles="true">
                <itemPath>../src/config/glcd_rgba8888_mxt_mzda_intddr_cu_wvga/peripheral/i2c/master/plib_i2c2_master.h</itemPath>
                <itemPath>../src/config/glcd_rgba8888_mxt_mzda_intddr_cu_wvga/peripheral/i2c/master/plib_i2c_master_common.h</itemPath>
              </logicalFolder>
            </logicalFolder>
            <logicalFolder name="f1" displayName="sdhc" projectFiles="true">
              <itemPath>../src/config/glcd_rgba8888_mxt_mzda_intddr_cu_wvga/peripheral/sdhc/plib_sdhc_common.h</itemPath>
              <itemPath>../src/config/glcd_rgba8888_mxt_mzda_intddr_cu_wvga/peripheral/sdhc/plib_sdhc.h</itemPath>
            </logicalFolder>
          </logicalFolder>
          <logicalFolder name="f4" displayName="system" projectFiles="true">
            <logicalFolder name="f3" displayName="cache" projectFiles="true">
              <itemPath>../src/config/glcd_rgba8888_mxt_mzda_intddr_cu_wvga/system/cache/sys_cache.h</itemPath>
            </logicalFolder>
            <logicalFolder name="f4" displayName="debug" projectFiles="true">
              <itemPath>../src/config/glcd_rgba8888_mxt_mzda_intddr_cu_wvga/system/debug/sys_debug.h</itemPath>
            </logicalFolder>
            <logicalFolder name="f6" displayName="fs" projectFiles="true">
              <logicalFolder name="f1" displayName="fat_fs" projectFiles="true">
                <logicalFolder name="f1" displayName="file_system" projectFiles="true">
                  <itemPath>../src/config/glcd_rgba8888_mxt_mzda_intddr_cu_wvga/system/fs/fat_fs/file_system/ff.h</itemPath>
                  <itemPath>../src/config/glcd_rgba8888_mxt_mzda_intddr_cu_wvga/system/fs/fat_fs/file_system/ffconf.h</itemPath>
                </logicalFolder>
                <logicalFolder name="f2" displayName="hardware_access" projectFiles="true">
                  <itemPath>../src/config/glcd_rgba8888_mxt_mzda_intddr_cu_wvga/system/fs/fat_fs/hardware_access/diskio.h</itemPath>
                </logicalFolder>
              </logicalFolder>
              <itemPath>../src/config/glcd_rgba8888_mxt_mzda_intddr_cu_wvga/system/fs/sys_fs.h</itemPath>
              <itemPath>../src/config/glcd_rgba8888_mxt_mzda_intddr_cu_wvga/system/fs/src/sys_fs_local.h</itemPath>
              <itemPath>../src/config/glcd_rgba8888_mxt_mzda_intddr_cu_wvga/system/fs/sys_fs_media_manager.h</itemPath>
              <itemPath>../src/config/glcd_rgba8888_mxt_mzda_intddr_cu_wvga/system/fs/src/sys_fs_media_manager_local.h</itemPath>
              <itemPath>../src/config/glcd_rgba8888_mxt_mzda_intddr_cu_wvga/system/fs/sys_fs_fat_interface.h</itemPath>
            </logicalFolder>
            <logicalFolder name="f5" displayName="input" projectFiles="true">
              <itemPath>../src/config/glcd_rgba8888_mxt_mzda_intddr_cu_wvga/system/input/sys_input.h</itemPath>
              <itemPath>../src/config/glcd_rgba8888_mxt_mzda_intddr_cu_wvga/system/input/sys_input_gesture.h</itemPath>
              <itemPath>../src/config/glcd_rgba8888_mxt_mzda_intddr_cu_wvga/system/input/sys_input_keyboard.h</itemPath>
              <itemPath>../src/config/glcd_rgba8888_mxt_mzda_intddr_cu_wvga/system/input/sys_input_listener.h</itemPath>
              <itemPath>../src/config/glcd_rgba8888_mxt_mzda_intddr_cu_wvga/system/input/sys_input_mouse.h</itemPath>
              <itemPath>../src/config/glcd_rgba8888_mxt_mzda_intddr_cu_wvga/system/input/sys_input_touch.h</itemPath>
            </logicalFolder>
            <logicalFolder name="f2" displayName="int" projectFiles="true">
              <itemPath>../src/config/glcd_rgba8888_mxt_mzda_intddr_cu_wvga/system/int/sys_int.h</itemPath>
              <itemPath>../src/config/glcd_rgba8888_mxt_mzda_intddr_cu_wvga/system/int/sys_int_mapping.h</itemPath>
            </logicalFolder>
            <logicalFolder name="f1" displayName="time" projectFiles="true">
              <itemPath>../src/config/glcd_rgba8888_mxt_mzda_intddr_cu_wvga/system/time/sys_time.h</itemPath>
              <itemPath>../src/config/glcd_rgba8888_mxt_mzda_intddr_cu_wvga/system/time/sys_time_definitions.h</itemPath>
              <itemPath>../src/config/glcd_rgba8888_mxt_mzda_intddr_cu_wvga/system/time/src/sys_time_local.h</itemPath>
            </logicalFolder>
            <itemPath>../src/config/glcd_rgba8888_mxt_mzda_intddr_cu_wvga/system/system.h</itemPath>
            <itemPath>../src/config/glcd_rgba8888_mxt_mzda_intddr_cu_wvga/system/system_common.h</itemPath>
            <itemPath>../src/config/glcd_rgba8888_mxt_mzda_intddr_cu_wvga/system/system_module.h</itemPath>
            <itemPath>../src/config/glcd_rgba8888_mxt_mzda_intddr_cu_wvga/system/system_media.h</itemPath>
          </logicalFolder>
          <logicalFolder name="f5" displayName="usb" projectFiles="true">
            <logicalFolder name="f1" displayName="src" projectFiles="true">
              <itemPath>../src/config/glcd_rgba8888_mxt_mzda_intddr_cu_wvga/usb/src/usb_host_local.h</itemPath>
              <itemPath>../src/config/glcd_rgba8888_mxt_mzda_intddr_cu_wvga/usb/src/usb_host_hub_mapping.h</itemPath>
              <itemPath>../src/config/glcd_rgba8888_mxt_mzda_intddr_cu_wvga/usb/src/usb_external_dependencies.h</itemPath>
              <itemPath>../src/config/glcd_rgba8888_mxt_mzda_intddr_cu_wvga/usb/src/usb_host_msd_local.h</itemPath>
              <itemPath>../src/config/glcd_rgba8888_mxt_mzda_intddr_cu_wvga/usb/src/usb_host_scsi_local.h</itemPath>
            </logicalFolder>
            <itemPath>../src/config/glcd_rgba8888_mxt_mzda_intddr_cu_wvga/usb/usb_host.h</itemPath>
            <itemPath>../src/config/glcd_rgba8888_mxt_mzda_intddr_cu_wvga/usb/usb_common.h</itemPath>
            <itemPath>../src/config/glcd_rgba8888_mxt_mzda_intddr_cu_wvga/usb/usb_chapter_9.h</itemPath>
            <itemPath>../src/config/glcd_rgba8888_mxt_mzda_intddr_cu_wvga/usb/usb_host_msd.h</itemPath>
            <itemPath>../src/config/glcd_rgba8888_mxt_mzda_intddr_cu_wvga/usb/usb_host_scsi.h</itemPath>
            <itemPath>../src/config/glcd_rgba8888_mxt_mzda_intddr_cu_wvga/usb/usb_msd.h</itemPath>
            <itemPath>../src/config/glcd_rgba8888_mxt_mzda_intddr_cu_wvga/usb/scsi.h</itemPath>
            <itemPath>../src/config/glcd_rgba8888_mxt_mzda_intddr_cu_wvga/usb/usb_host_client_driver.h</itemPath>
            <itemPath>../src/config/glcd_rgba8888_mxt_mzda_intddr_cu_wvga/usb/usb_host_hub_interface.h</itemPath>
            <itemPath>../src/config/glcd_rgba8888_mxt_mzda_intddr_cu_wvga/usb/usb_hub.h</itemPath>
          </logicalFolder>
          <itemPath>../src/config/glcd_rgba8888_mxt_mzda_intddr_cu_wvga/device.h</itemPath>
          <itemPath>../src/config/glcd_rgba8888_mxt_mzda_intddr_cu_wvga/user.h</itemPath>
          <itemPath>../src/config/glcd_rgba8888_mxt_mzda_intddr_cu_wvga/configuration.h</itemPath>
          <itemPath>../src/config/glcd_rgba8888_mxt_mzda_intddr_cu_wvga/device_cache.h</itemPath>
          <itemPath>../src/config/glcd_rgba8888_mxt_mzda_intddr_cu_wvga/toolchain_specifics.h</itemPath>
          <itemPath>../src/config/glcd_rgba8888_mxt_mzda_intddr_cu_wvga/definitions.h</itemPath>
          <itemPath>../src/config/glcd_rgba8888_mxt_mzda_intddr_cu_wvga/interrupts.h</itemPath>
        </logicalFolder>
      </logicalFolder>
      <itemPath>../src/app.h</itemPath>
    </logicalFolder>
    <logicalFolder name="LinkerScript"
                   displayName="Linker Files"
                   projectFiles="true">
      <logicalFolder name="f1" displayName="config" projectFiles="true">
        <logicalFolder name="f1"
                       displayName="glcd_rgba8888_mxt_mzda_intddr_cu_wvga"
                       projectFiles="true">
          <itemPath>../src/config/glcd_rgba8888_mxt_mzda_intddr_cu_wvga/p32MZ2064DAR176.ld</itemPath>
        </logicalFolder>
      </logicalFolder>
    </logicalFolder>
    <logicalFolder name="SourceFiles"
                   displayName="Source Files"
                   projectFiles="true">
      <logicalFolder name="f1" displayName="config" projectFiles="true">
        <logicalFolder name="f1"
                       displayName="glcd_rgba8888_mxt_mzda_intddr_cu_wvga"
                       projectFiles="true">
          <logicalFolder name="f7" displayName="bsp" projectFiles="true">
            <itemPath>../src/config/glcd_rgba8888_mxt_mzda_intddr_cu_wvga/bsp/bsp.c</itemPath>
          </logicalFolder>
          <logicalFolder name="f3" displayName="driver" projectFiles="true">
            <logicalFolder name="f1" displayName="i2c" projectFiles="true">
              <itemPath>../src/config/glcd_rgba8888_mxt_mzda_intddr_cu_wvga/driver/i2c/src/drv_i2c.c</itemPath>
              <itemPath>../src/config/glcd_rgba8888_mxt_mzda_intddr_cu_wvga/driver/i2c/src/drv_i2c_local.h</itemPath>
            </logicalFolder>
            <logicalFolder name="f2" displayName="input" projectFiles="true">
              <itemPath>../src/config/glcd_rgba8888_mxt_mzda_intddr_cu_wvga/driver/input/drv_maxtouch.c</itemPath>
            </logicalFolder>
            <logicalFolder name="f3" displayName="sdmmc" projectFiles="true">
              <itemPath>../src/config/glcd_rgba8888_mxt_mzda_intddr_cu_wvga/driver/sdmmc/src/drv_sdmmc_file_system.c</itemPath>
              <itemPath>../src/config/glcd_rgba8888_mxt_mzda_intddr_cu_wvga/driver/sdmmc/src/drv_sdmmc.c</itemPath>
            </logicalFolder>
            <logicalFolder name="f4" displayName="usb" projectFiles="true">
              <logicalFolder name="f1" displayName="usbhs" projectFiles="true">
                <logicalFolder name="f1" displayName="src" projectFiles="true">
                  <itemPath>../src/config/glcd_rgba8888_mxt_mzda_intddr_cu_wvga/driver/usb/usbhs/src/drv_usbhs.c</itemPath>
                  <itemPath>../src/config/glcd_rgba8888_mxt_mzda_intddr_cu_wvga/driver/usb/usbhs/src/drv_usbhs_host.c</itemPath>
                </logicalFolder>
              </logicalFolder>
            </logicalFolder>
          </logicalFolder>
          <logicalFolder name="f2" displayName="gfx" projectFiles="true">
            <logicalFolder name="f1" displayName="driver" projectFiles="true">
              <logicalFolder name="f2" displayName="2dgpu" projectFiles="true">
                <itemPath>../src/config/glcd_rgba8888_mxt_mzda_intddr_cu_wvga/gfx/driver/processor/2dgpu/libnano2d.c</itemPath>
              </logicalFolder>
              <logicalFolder name="f1" displayName="glcd" projectFiles="true">
                <itemPath>../src/config/glcd_rgba8888_mxt_mzda_intddr_cu_wvga/gfx/driver/gfx_driver.c</itemPath>
                <itemPath>../src/config/glcd_rgba8888_mxt_mzda_intddr_cu_wvga/gfx/driver/controller/glcd/drv_gfx_glcd.c</itemPath>
                <itemPath>../src/config/glcd_rgba8888_mxt_mzda_intddr_cu_wvga/gfx/driver/controller/glcd/plib_glcd.c</itemPath>
              </logicalFolder>
            </logicalFolder>
            <logicalFolder name="f2" displayName="legato" projectFiles="true">
              <logicalFolder name="f1" displayName="common" projectFiles="true">
                <itemPath>../src/config/glcd_rgba8888_mxt_mzda_intddr_cu_wvga/gfx/legato/common/legato_color.c</itemPath>
                <itemPath>../src/config/glcd_rgba8888_mxt_mzda_intddr_cu_wvga/gfx/legato/common/legato_color_blend.c</itemPath>
                <itemPath>../src/config/glcd_rgba8888_mxt_mzda_intddr_cu_wvga/gfx/legato/common/legato_color_convert.c</itemPath>
                <itemPath>../src/config/glcd_rgba8888_mxt_mzda_intddr_cu_wvga/gfx/legato/common/legato_color_lerp.c</itemPath>
                <itemPath>../src/config/glcd_rgba8888_mxt_mzda_intddr_cu_wvga/gfx/legato/common/legato_color_value.c</itemPath>
                <itemPath>../src/config/glcd_rgba8888_mxt_mzda_intddr_cu_wvga/gfx/legato/common/legato_error.c</itemPath>
                <itemPath>../src/config/glcd_rgba8888_mxt_mzda_intddr_cu_wvga/gfx/legato/common/legato_math.c</itemPath>
                <itemPath>../src/config/glcd_rgba8888_mxt_mzda_intddr_cu_wvga/gfx/legato/common/legato_pixelbuffer.c</itemPath>
                <itemPath>../src/config/glcd_rgba8888_mxt_mzda_intddr_cu_wvga/gfx/legato/common/legato_rect.c</itemPath>
                <itemPath>../src/config/glcd_rgba8888_mxt_mzda_intddr_cu_wvga/gfx/legato/common/legato_utils.c</itemPath>
              </logicalFolder>
              <logicalFolder name="f2" displayName="core" projectFiles="true">
                <itemPath>../src/config/glcd_rgba8888_mxt_mzda_intddr_cu_wvga/gfx/legato/core/legato_event.c</itemPath>
                <itemPath>../src/config/glcd_rgba8888_mxt_mzda_intddr_cu_wvga/gfx/legato/core/legato_input.c</itemPath>
                <itemPath>../src/config/glcd_rgba8888_mxt_mzda_intddr_cu_wvga/gfx/legato/core/legato_scheme.c</itemPath>
                <itemPath>../src/config/glcd_rgba8888_mxt_mzda_intddr_cu_wvga/gfx/legato/core/legato_state.c</itemPath>
                <itemPath>../src/config/glcd_rgba8888_mxt_mzda_intddr_cu_wvga/gfx/legato/core/legato_stream.c</itemPath>
              </logicalFolder>
              <logicalFolder name="f3" displayName="datastructure" projectFiles="true">
                <itemPath>../src/config/glcd_rgba8888_mxt_mzda_intddr_cu_wvga/gfx/legato/datastructure/legato_array.c</itemPath>
                <itemPath>../src/config/glcd_rgba8888_mxt_mzda_intddr_cu_wvga/gfx/legato/datastructure/legato_list.c</itemPath>
                <itemPath>../src/config/glcd_rgba8888_mxt_mzda_intddr_cu_wvga/gfx/legato/datastructure/legato_rectarray.c</itemPath>
              </logicalFolder>
              <logicalFolder name="f4" displayName="font" projectFiles="true">
                <itemPath>../src/config/glcd_rgba8888_mxt_mzda_intddr_cu_wvga/gfx/legato/font/legato_font.c</itemPath>
                <itemPath>../src/config/glcd_rgba8888_mxt_mzda_intddr_cu_wvga/gfx/legato/font/legato_rasterfont_liberationmono1.c</itemPath>
                <itemPath>../src/config/glcd_rgba8888_mxt_mzda_intddr_cu_wvga/gfx/legato/font/legato_rasterfont_liberationmono8.c</itemPath>
                <itemPath>../src/config/glcd_rgba8888_mxt_mzda_intddr_cu_wvga/gfx/legato/font/legato_rasterfont_stream.c</itemPath>
              </logicalFolder>
              <logicalFolder name="f10" displayName="generated" projectFiles="true">
                <logicalFolder name="f1" displayName="font" projectFiles="true">
                  <itemPath>../src/config/glcd_rgba8888_mxt_mzda_intddr_cu_wvga/gfx/legato/generated/font/le_gen_fonts.c</itemPath>
                </logicalFolder>
                <logicalFolder name="f2" displayName="image" projectFiles="true">
                  <itemPath>../src/config/glcd_rgba8888_mxt_mzda_intddr_cu_wvga/gfx/legato/generated/image/le_gen_images.c</itemPath>
                </logicalFolder>
                <logicalFolder name="f3" displayName="screen" projectFiles="true">
                  <itemPath>../src/config/glcd_rgba8888_mxt_mzda_intddr_cu_wvga/gfx/legato/generated/screen/le_gen_screen_Screen0.c</itemPath>
                </logicalFolder>
                <itemPath>../src/config/glcd_rgba8888_mxt_mzda_intddr_cu_wvga/gfx/legato/generated/le_gen_globalpalette.c</itemPath>
                <itemPath>../src/config/glcd_rgba8888_mxt_mzda_intddr_cu_wvga/gfx/legato/generated/le_gen_harmony.c</itemPath>
                <itemPath>../src/config/glcd_rgba8888_mxt_mzda_intddr_cu_wvga/gfx/legato/generated/le_gen_init.c</itemPath>
                <itemPath>../src/config/glcd_rgba8888_mxt_mzda_intddr_cu_wvga/gfx/legato/generated/le_gen_scheme.c</itemPath>
                <itemPath>../src/config/glcd_rgba8888_mxt_mzda_intddr_cu_wvga/gfx/legato/generated/le_gen_stringtable.c</itemPath>
              </logicalFolder>
              <logicalFolder name="f5" displayName="image" projectFiles="true">
                <logicalFolder name="f2" displayName="jpeg" projectFiles="true">
                  <itemPath>../src/config/glcd_rgba8888_mxt_mzda_intddr_cu_wvga/gfx/legato/image/jpeg/legato_imagedecoder_jpeg.c</itemPath>
                  <itemPath>../src/config/glcd_rgba8888_mxt_mzda_intddr_cu_wvga/gfx/legato/image/jpeg/legato_imagedecoder_jpeg_common.c</itemPath>
                  <itemPath>../src/config/glcd_rgba8888_mxt_mzda_intddr_cu_wvga/gfx/legato/image/jpeg/jidctint.c</itemPath>
                </logicalFolder>
                <logicalFolder name="f4" displayName="mono" projectFiles="true">
                  <itemPath>../src/config/glcd_rgba8888_mxt_mzda_intddr_cu_wvga/gfx/legato/image/mono/legato_imagedecoder_mono.c</itemPath>
                  <itemPath>../src/config/glcd_rgba8888_mxt_mzda_intddr_cu_wvga/gfx/legato/image/mono/legato_imagedecoder_mono_read_internal.c</itemPath>
                  <itemPath>../src/config/glcd_rgba8888_mxt_mzda_intddr_cu_wvga/gfx/legato/image/mono/legato_imagedecoder_mono_read_stream.c</itemPath>
                </logicalFolder>
                <logicalFolder name="f3" displayName="png" projectFiles="true">
                  <itemPath>../src/config/glcd_rgba8888_mxt_mzda_intddr_cu_wvga/gfx/legato/image/png/legato_imagedecoder_png.c</itemPath>
                  <itemPath>../src/config/glcd_rgba8888_mxt_mzda_intddr_cu_wvga/gfx/legato/image/png/lodepng.c</itemPath>
                </logicalFolder>
                <logicalFolder name="f1" displayName="raw" projectFiles="true">
                  <itemPath>../src/config/glcd_rgba8888_mxt_mzda_intddr_cu_wvga/gfx/legato/image/raw/legato_imagedecoder_raw.c</itemPath>
                  <itemPath>../src/config/glcd_rgba8888_mxt_mzda_intddr_cu_wvga/gfx/legato/image/raw/legato_imagedecoder_raw_blend.c</itemPath>
                  <itemPath>../src/config/glcd_rgba8888_mxt_mzda_intddr_cu_wvga/gfx/legato/image/raw/legato_imagedecoder_raw_convert.c</itemPath>
                  <itemPath>../src/config/glcd_rgba8888_mxt_mzda_intddr_cu_wvga/gfx/legato/image/raw/legato_imagedecoder_raw_mask.c</itemPath>
                  <itemPath>../src/config/glcd_rgba8888_mxt_mzda_intddr_cu_wvga/gfx/legato/image/raw/legato_imagedecoder_raw_palette_internal.c</itemPath>
                  <itemPath>../src/config/glcd_rgba8888_mxt_mzda_intddr_cu_wvga/gfx/legato/image/raw/legato_imagedecoder_raw_palette_stream.c</itemPath>
                  <itemPath>../src/config/glcd_rgba8888_mxt_mzda_intddr_cu_wvga/gfx/legato/image/raw/legato_imagedecoder_raw_read_internal.c</itemPath>
                  <itemPath>../src/config/glcd_rgba8888_mxt_mzda_intddr_cu_wvga/gfx/legato/image/raw/legato_imagedecoder_raw_read_stream_color.c</itemPath>
                  <itemPath>../src/config/glcd_rgba8888_mxt_mzda_intddr_cu_wvga/gfx/legato/image/raw/legato_imagedecoder_raw_read_stream_index.c</itemPath>
                  <itemPath>../src/config/glcd_rgba8888_mxt_mzda_intddr_cu_wvga/gfx/legato/image/raw/legato_imagedecoder_raw_read_stream_rlecolor.c</itemPath>
                  <itemPath>../src/config/glcd_rgba8888_mxt_mzda_intddr_cu_wvga/gfx/legato/image/raw/legato_imagedecoder_raw_read_stream_rleindex.c</itemPath>
                  <itemPath>../src/config/glcd_rgba8888_mxt_mzda_intddr_cu_wvga/gfx/legato/image/raw/legato_imagedecoder_raw_rotate.c</itemPath>
                  <itemPath>../src/config/glcd_rgba8888_mxt_mzda_intddr_cu_wvga/gfx/legato/image/raw/legato_imagedecoder_raw_scale.c</itemPath>
                  <itemPath>../src/config/glcd_rgba8888_mxt_mzda_intddr_cu_wvga/gfx/legato/image/raw/legato_imagedecoder_raw_setup.c</itemPath>
                  <itemPath>../src/config/glcd_rgba8888_mxt_mzda_intddr_cu_wvga/gfx/legato/image/raw/legato_imagedecoder_raw_write.c</itemPath>
                </logicalFolder>
                <itemPath>../src/config/glcd_rgba8888_mxt_mzda_intddr_cu_wvga/gfx/legato/image/legato_image.c</itemPath>
                <itemPath>../src/config/glcd_rgba8888_mxt_mzda_intddr_cu_wvga/gfx/legato/image/legato_palette.c</itemPath>
                <itemPath>../src/config/glcd_rgba8888_mxt_mzda_intddr_cu_wvga/gfx/legato/image/legato_image_utils.c</itemPath>
              </logicalFolder>
              <logicalFolder name="f6" displayName="memory" projectFiles="true">
                <itemPath>../src/config/glcd_rgba8888_mxt_mzda_intddr_cu_wvga/gfx/legato/memory/legato_fixedheap.c</itemPath>
                <itemPath>../src/config/glcd_rgba8888_mxt_mzda_intddr_cu_wvga/gfx/legato/memory/legato_memory.c</itemPath>
                <itemPath>../src/config/glcd_rgba8888_mxt_mzda_intddr_cu_wvga/gfx/legato/memory/legato_variableheap.c</itemPath>
              </logicalFolder>
              <logicalFolder name="f7" displayName="renderer" projectFiles="true">
                <itemPath>../src/config/glcd_rgba8888_mxt_mzda_intddr_cu_wvga/gfx/legato/renderer/legato_draw.c</itemPath>
                <itemPath>../src/config/glcd_rgba8888_mxt_mzda_intddr_cu_wvga/gfx/legato/renderer/legato_draw_arc.c</itemPath>
                <itemPath>../src/config/glcd_rgba8888_mxt_mzda_intddr_cu_wvga/gfx/legato/renderer/legato_draw_line.c</itemPath>
                <itemPath>../src/config/glcd_rgba8888_mxt_mzda_intddr_cu_wvga/gfx/legato/renderer/legato_draw_rect.c</itemPath>
                <itemPath>../src/config/glcd_rgba8888_mxt_mzda_intddr_cu_wvga/gfx/legato/renderer/legato_renderer.c</itemPath>
                <itemPath>../src/config/glcd_rgba8888_mxt_mzda_intddr_cu_wvga/gfx/legato/renderer/legato_gpu.c</itemPath>
              </logicalFolder>
              <logicalFolder name="f8" displayName="string" projectFiles="true">
                <itemPath>../src/config/glcd_rgba8888_mxt_mzda_intddr_cu_wvga/gfx/legato/string/legato_dynamicstring.c</itemPath>
                <itemPath>../src/config/glcd_rgba8888_mxt_mzda_intddr_cu_wvga/gfx/legato/string/legato_fixedstring.c</itemPath>
                <itemPath>../src/config/glcd_rgba8888_mxt_mzda_intddr_cu_wvga/gfx/legato/string/legato_string.c</itemPath>
                <itemPath>../src/config/glcd_rgba8888_mxt_mzda_intddr_cu_wvga/gfx/legato/string/legato_string_renderer.c</itemPath>
                <itemPath>../src/config/glcd_rgba8888_mxt_mzda_intddr_cu_wvga/gfx/legato/string/legato_string_renderer_stream.c</itemPath>
                <itemPath>../src/config/glcd_rgba8888_mxt_mzda_intddr_cu_wvga/gfx/legato/string/legato_stringtable.c</itemPath>
                <itemPath>../src/config/glcd_rgba8888_mxt_mzda_intddr_cu_wvga/gfx/legato/string/legato_tablestring.c</itemPath>
                <itemPath>../src/config/glcd_rgba8888_mxt_mzda_intddr_cu_wvga/gfx/legato/string/legato_stringutils.c</itemPath>
              </logicalFolder>
              <logicalFolder name="f9" displayName="widget" projectFiles="true">
                <logicalFolder name="f1" displayName="arc" projectFiles="true">
                  <itemPath>../src/config/glcd_rgba8888_mxt_mzda_intddr_cu_wvga/gfx/legato/widget/arc/legato_widget_arc.c</itemPath>
                  <itemPath>../src/config/glcd_rgba8888_mxt_mzda_intddr_cu_wvga/gfx/legato/widget/arc/legato_widget_arc_skin_classic.c</itemPath>
                </logicalFolder>
                <logicalFolder name="f2" displayName="bargraph" projectFiles="true">
                  <itemPath>../src/config/glcd_rgba8888_mxt_mzda_intddr_cu_wvga/gfx/legato/widget/bargraph/legato_widget_bar_graph.c</itemPath>
                  <itemPath>../src/config/glcd_rgba8888_mxt_mzda_intddr_cu_wvga/gfx/legato/widget/bargraph/legato_widget_bar_graph_skin_classic.c</itemPath>
                </logicalFolder>
                <logicalFolder name="f3" displayName="button" projectFiles="true">
                  <itemPath>../src/config/glcd_rgba8888_mxt_mzda_intddr_cu_wvga/gfx/legato/widget/button/legato_widget_button.c</itemPath>
                  <itemPath>../src/config/glcd_rgba8888_mxt_mzda_intddr_cu_wvga/gfx/legato/widget/button/legato_widget_button_skin_classic.c</itemPath>
                </logicalFolder>
                <logicalFolder name="f4" displayName="checkbox" projectFiles="true">
                  <itemPath>../src/config/glcd_rgba8888_mxt_mzda_intddr_cu_wvga/gfx/legato/widget/checkbox/legato_widget_checkbox.c</itemPath>
                  <itemPath>../src/config/glcd_rgba8888_mxt_mzda_intddr_cu_wvga/gfx/legato/widget/checkbox/legato_widget_checkbox_skin_classic.c</itemPath>
                </logicalFolder>
                <logicalFolder name="f5" displayName="circle" projectFiles="true">
                  <itemPath>../src/config/glcd_rgba8888_mxt_mzda_intddr_cu_wvga/gfx/legato/widget/circle/legato_widget_circle.c</itemPath>
                  <itemPath>../src/config/glcd_rgba8888_mxt_mzda_intddr_cu_wvga/gfx/legato/widget/circle/legato_widget_circle_skin_classic.c</itemPath>
                </logicalFolder>
                <logicalFolder name="f6" displayName="circulargauge" projectFiles="true">
                  <itemPath>../src/config/glcd_rgba8888_mxt_mzda_intddr_cu_wvga/gfx/legato/widget/circulargauge/legato_widget_circular_gauge.c</itemPath>
                  <itemPath>../src/config/glcd_rgba8888_mxt_mzda_intddr_cu_wvga/gfx/legato/widget/circulargauge/legato_widget_circular_gauge_skin_classic.c</itemPath>
                </logicalFolder>
                <logicalFolder name="f7" displayName="circularslider" projectFiles="true">
                  <itemPath>../src/config/glcd_rgba8888_mxt_mzda_intddr_cu_wvga/gfx/legato/widget/circularslider/legato_widget_circular_slider.c</itemPath>
                  <itemPath>../src/config/glcd_rgba8888_mxt_mzda_intddr_cu_wvga/gfx/legato/widget/circularslider/legato_widget_circular_slider_skin_classic.c</itemPath>
                </logicalFolder>
                <logicalFolder name="f8" displayName="drawsurface" projectFiles="true">
                  <itemPath>../src/config/glcd_rgba8888_mxt_mzda_intddr_cu_wvga/gfx/legato/widget/drawsurface/legato_widget_drawsurface.c</itemPath>
                  <itemPath>../src/config/glcd_rgba8888_mxt_mzda_intddr_cu_wvga/gfx/legato/widget/drawsurface/legato_widget_drawsurface_skin_classic.c</itemPath>
                </logicalFolder>
                <logicalFolder name="f9" displayName="gradient" projectFiles="true">
                  <itemPath>../src/config/glcd_rgba8888_mxt_mzda_intddr_cu_wvga/gfx/legato/widget/gradient/legato_widget_gradient.c</itemPath>
                  <itemPath>../src/config/glcd_rgba8888_mxt_mzda_intddr_cu_wvga/gfx/legato/widget/gradient/legato_widget_gradient_skin_classic.c</itemPath>
                </logicalFolder>
                <logicalFolder name="f10" displayName="groupbox" projectFiles="true">
                  <itemPath>../src/config/glcd_rgba8888_mxt_mzda_intddr_cu_wvga/gfx/legato/widget/groupbox/legato_widget_groupbox.c</itemPath>
                  <itemPath>../src/config/glcd_rgba8888_mxt_mzda_intddr_cu_wvga/gfx/legato/widget/groupbox/legato_widget_groupbox_skin_classic.c</itemPath>
                </logicalFolder>
                <logicalFolder name="f11" displayName="image" projectFiles="true">
                  <itemPath>../src/config/glcd_rgba8888_mxt_mzda_intddr_cu_wvga/gfx/legato/widget/image/legato_widget_image.c</itemPath>
                  <itemPath>../src/config/glcd_rgba8888_mxt_mzda_intddr_cu_wvga/gfx/legato/widget/image/legato_widget_image_skin_classic.c</itemPath>
                </logicalFolder>
                <logicalFolder name="f12" displayName="imagerotate" projectFiles="true">
                  <itemPath>../src/config/glcd_rgba8888_mxt_mzda_intddr_cu_wvga/gfx/legato/widget/imagerotate/legato_widget_imagerotate.c</itemPath>
                  <itemPath>../src/config/glcd_rgba8888_mxt_mzda_intddr_cu_wvga/gfx/legato/widget/imagerotate/legato_widget_imagerotate_skin_classic.c</itemPath>
                </logicalFolder>
                <logicalFolder name="f13" displayName="imagescale" projectFiles="true">
                  <itemPath>../src/config/glcd_rgba8888_mxt_mzda_intddr_cu_wvga/gfx/legato/widget/imagescale/legato_widget_imagescale.c</itemPath>
                  <itemPath>../src/config/glcd_rgba8888_mxt_mzda_intddr_cu_wvga/gfx/legato/widget/imagescale/legato_widget_imagescale_skin_classic.c</itemPath>
                </logicalFolder>
                <logicalFolder name="f14" displayName="imagesequence" projectFiles="true">
                  <itemPath>../src/config/glcd_rgba8888_mxt_mzda_intddr_cu_wvga/gfx/legato/widget/imagesequence/legato_widget_imagesequence.c</itemPath>
                  <itemPath>../src/config/glcd_rgba8888_mxt_mzda_intddr_cu_wvga/gfx/legato/widget/imagesequence/legato_widget_imagesequence_skin_classic.c</itemPath>
                </logicalFolder>
                <logicalFolder name="f15" displayName="keypad" projectFiles="true">
                  <itemPath>../src/config/glcd_rgba8888_mxt_mzda_intddr_cu_wvga/gfx/legato/widget/keypad/legato_widget_keypad.c</itemPath>
                  <itemPath>../src/config/glcd_rgba8888_mxt_mzda_intddr_cu_wvga/gfx/legato/widget/keypad/legato_widget_keypad_skin_classic.c</itemPath>
                </logicalFolder>
                <logicalFolder name="f16" displayName="label" projectFiles="true">
                  <itemPath>../src/config/glcd_rgba8888_mxt_mzda_intddr_cu_wvga/gfx/legato/widget/label/legato_widget_label.c</itemPath>
                  <itemPath>../src/config/glcd_rgba8888_mxt_mzda_intddr_cu_wvga/gfx/legato/widget/label/legato_widget_label_skin_classic.c</itemPath>
                </logicalFolder>
                <logicalFolder name="f17" displayName="line" projectFiles="true">
                  <itemPath>../src/config/glcd_rgba8888_mxt_mzda_intddr_cu_wvga/gfx/legato/widget/line/legato_widget_line.c</itemPath>
                  <itemPath>../src/config/glcd_rgba8888_mxt_mzda_intddr_cu_wvga/gfx/legato/widget/line/legato_widget_line_skin_classic.c</itemPath>
                </logicalFolder>
                <logicalFolder name="f18" displayName="linegraph" projectFiles="true">
                  <itemPath>../src/config/glcd_rgba8888_mxt_mzda_intddr_cu_wvga/gfx/legato/widget/linegraph/legato_widget_line_graph.c</itemPath>
                  <itemPath>../src/config/glcd_rgba8888_mxt_mzda_intddr_cu_wvga/gfx/legato/widget/linegraph/legato_widget_line_graph_skin_classic.c</itemPath>
                </logicalFolder>
                <logicalFolder name="f19" displayName="list" projectFiles="true">
                  <itemPath>../src/config/glcd_rgba8888_mxt_mzda_intddr_cu_wvga/gfx/legato/widget/list/legato_widget_list.c</itemPath>
                  <itemPath>../src/config/glcd_rgba8888_mxt_mzda_intddr_cu_wvga/gfx/legato/widget/list/legato_widget_list_skin_classic.c</itemPath>
                </logicalFolder>
                <logicalFolder name="f20" displayName="listwheel" projectFiles="true">
                  <itemPath>../src/config/glcd_rgba8888_mxt_mzda_intddr_cu_wvga/gfx/legato/widget/listwheel/legato_widget_listwheel.c</itemPath>
                  <itemPath>../src/config/glcd_rgba8888_mxt_mzda_intddr_cu_wvga/gfx/legato/widget/listwheel/legato_widget_listwheel_skin_classic.c</itemPath>
                </logicalFolder>
                <logicalFolder name="f21" displayName="piechart" projectFiles="true">
                  <itemPath>../src/config/glcd_rgba8888_mxt_mzda_intddr_cu_wvga/gfx/legato/widget/piechart/legato_widget_pie_chart.c</itemPath>
                  <itemPath>../src/config/glcd_rgba8888_mxt_mzda_intddr_cu_wvga/gfx/legato/widget/piechart/legato_widget_pie_chart_skin_classic.c</itemPath>
                </logicalFolder>
                <logicalFolder name="f22" displayName="progressbar" projectFiles="true">
                  <itemPath>../src/config/glcd_rgba8888_mxt_mzda_intddr_cu_wvga/gfx/legato/widget/progressbar/legato_widget_progressbar.c</itemPath>
                  <itemPath>../src/config/glcd_rgba8888_mxt_mzda_intddr_cu_wvga/gfx/legato/widget/progressbar/legato_widget_progressbar_skin_classic.c</itemPath>
                </logicalFolder>
                <logicalFolder name="f23" displayName="radialmenu" projectFiles="true">
                  <itemPath>../src/config/glcd_rgba8888_mxt_mzda_intddr_cu_wvga/gfx/legato/widget/radialmenu/legato_widget_radial_menu.c</itemPath>
                  <itemPath>../src/config/glcd_rgba8888_mxt_mzda_intddr_cu_wvga/gfx/legato/widget/radialmenu/legato_widget_radial_menu_skin_classic.c</itemPath>
                </logicalFolder>
                <logicalFolder name="f24" displayName="radiobutton" projectFiles="true">
                  <itemPath>../src/config/glcd_rgba8888_mxt_mzda_intddr_cu_wvga/gfx/legato/widget/radiobutton/legato_radiobutton_group.c</itemPath>
                  <itemPath>../src/config/glcd_rgba8888_mxt_mzda_intddr_cu_wvga/gfx/legato/widget/radiobutton/legato_widget_radiobutton.c</itemPath>
                  <itemPath>../src/config/glcd_rgba8888_mxt_mzda_intddr_cu_wvga/gfx/legato/widget/radiobutton/legato_widget_radiobutton_skin_classic.c</itemPath>
                </logicalFolder>
                <logicalFolder name="f25" displayName="rectangle" projectFiles="true">
                  <itemPath>../src/config/glcd_rgba8888_mxt_mzda_intddr_cu_wvga/gfx/legato/widget/rectangle/legato_widget_rectangle.c</itemPath>
                  <itemPath>../src/config/glcd_rgba8888_mxt_mzda_intddr_cu_wvga/gfx/legato/widget/rectangle/legato_widget_rectangle_skin_classic.c</itemPath>
                </logicalFolder>
                <logicalFolder name="f26" displayName="scrollbar" projectFiles="true">
                  <itemPath>../src/config/glcd_rgba8888_mxt_mzda_intddr_cu_wvga/gfx/legato/widget/scrollbar/legato_widget_scrollbar.c</itemPath>
                  <itemPath>../src/config/glcd_rgba8888_mxt_mzda_intddr_cu_wvga/gfx/legato/widget/scrollbar/legato_widget_scrollbar_skin_classic.c</itemPath>
                </logicalFolder>
                <logicalFolder name="f27" displayName="slider" projectFiles="true">
                  <itemPath>../src/config/glcd_rgba8888_mxt_mzda_intddr_cu_wvga/gfx/legato/widget/slider/legato_widget_slider.c</itemPath>
                  <itemPath>../src/config/glcd_rgba8888_mxt_mzda_intddr_cu_wvga/gfx/legato/widget/slider/legato_widget_slider_skin_classic.c</itemPath>
                </logicalFolder>
                <logicalFolder name="f28" displayName="textfield" projectFiles="true">
                  <itemPath>../src/config/glcd_rgba8888_mxt_mzda_intddr_cu_wvga/gfx/legato/widget/textfield/legato_widget_textfield.c</itemPath>
                  <itemPath>../src/config/glcd_rgba8888_mxt_mzda_intddr_cu_wvga/gfx/legato/widget/textfield/legato_widget_textfield_skin_classic.c</itemPath>
                </logicalFolder>
                <logicalFolder name="f29" displayName="touchtest" projectFiles="true">
                  <itemPath>../src/config/glcd_rgba8888_mxt_mzda_intddr_cu_wvga/gfx/legato/widget/touchtest/legato_widget_touchtest.c</itemPath>
                  <itemPath>../src/config/glcd_rgba8888_mxt_mzda_intddr_cu_wvga/gfx/legato/widget/touchtest/legato_widget_touchtest_skin_classic.c</itemPath>
                </logicalFolder>
                <logicalFolder name="f30" displayName="window" projectFiles="true">
                  <itemPath>../src/config/glcd_rgba8888_mxt_mzda_intddr_cu_wvga/gfx/legato/widget/window/legato_widget_window.c</itemPath>
                  <itemPath>../src/config/glcd_rgba8888_mxt_mzda_intddr_cu_wvga/gfx/legato/widget/window/legato_widget_window_skin_classic.c</itemPath>
                </logicalFolder>
                <itemPath>../src/config/glcd_rgba8888_mxt_mzda_intddr_cu_wvga/gfx/legato/widget/legato_editwidget.c</itemPath>
                <itemPath>../src/config/glcd_rgba8888_mxt_mzda_intddr_cu_wvga/gfx/legato/widget/legato_widget.c</itemPath>
                <itemPath>../src/config/glcd_rgba8888_mxt_mzda_intddr_cu_wvga/gfx/legato/widget/legato_widget_skin_classic.c</itemPath>
                <itemPath>../src/config/glcd_rgba8888_mxt_mzda_intddr_cu_wvga/gfx/legato/widget/legato_widget_skin_classic_common.c</itemPath>
              </logicalFolder>
            </logicalFolder>
          </logicalFolder>
          <logicalFolder name="f1" displayName="peripheral" projectFiles="true">
            <logicalFolder name="f6" displayName="cache" projectFiles="true">
              <itemPath>../src/config/glcd_rgba8888_mxt_mzda_intddr_cu_wvga/peripheral/cache/plib_cache_local.h</itemPath>
              <itemPath>../src/config/glcd_rgba8888_mxt_mzda_intddr_cu_wvga/peripheral/cache/plib_cache.c</itemPath>
              <itemPath>../src/config/glcd_rgba8888_mxt_mzda_intddr_cu_wvga/peripheral/cache/plib_cache_pic32mz.S</itemPath>
            </logicalFolder>
            <logicalFolder name="f4" displayName="clk" projectFiles="true">
              <itemPath>../src/config/glcd_rgba8888_mxt_mzda_intddr_cu_wvga/peripheral/clk/plib_clk.c</itemPath>
            </logicalFolder>
            <logicalFolder name="f2" displayName="coretimer" projectFiles="true">
              <itemPath>../src/config/glcd_rgba8888_mxt_mzda_intddr_cu_wvga/peripheral/coretimer/plib_coretimer.c</itemPath>
            </logicalFolder>
            <logicalFolder name="f3" displayName="ddr" projectFiles="true">
              <itemPath>../src/config/glcd_rgba8888_mxt_mzda_intddr_cu_wvga/peripheral/ddr/plib_ddr.c</itemPath>
            </logicalFolder>
            <logicalFolder name="f7" displayName="evic" projectFiles="true">
              <itemPath>../src/config/glcd_rgba8888_mxt_mzda_intddr_cu_wvga/peripheral/evic/plib_evic.c</itemPath>
            </logicalFolder>
            <logicalFolder name="f5" displayName="gpio" projectFiles="true">
              <itemPath>../src/config/glcd_rgba8888_mxt_mzda_intddr_cu_wvga/peripheral/gpio/plib_gpio.c</itemPath>
            </logicalFolder>
            <logicalFolder name="f8" displayName="i2c" projectFiles="true">
              <logicalFolder name="f1" displayName="master" projectFiles="true">
                <itemPath>../src/config/glcd_rgba8888_mxt_mzda_intddr_cu_wvga/peripheral/i2c/master/plib_i2c2_master.c</itemPath>
              </logicalFolder>
            </logicalFolder>
            <logicalFolder name="f1" displayName="sdhc" projectFiles="true">
              <itemPath>../src/config/glcd_rgba8888_mxt_mzda_intddr_cu_wvga/peripheral/sdhc/plib_sdhc.c</itemPath>
            </logicalFolder>
          </logicalFolder>
          <logicalFolder name="f6" displayName="stdio" projectFiles="true">
            <itemPath>../src/config/glcd_rgba8888_mxt_mzda_intddr_cu_wvga/stdio/xc32_monitor.c</itemPath>
          </logicalFolder>
          <logicalFolder name="f4" displayName="system" projectFiles="true">
            <logicalFolder name="f3" displayName="cache" projectFiles="true">
              <itemPath>../src/config/glcd_rgba8888_mxt_mzda_intddr_cu_wvga/system/cache/sys_cache.c</itemPath>
            </logicalFolder>
            <logicalFolder name="f5" displayName="fs" projectFiles="true">
              <logicalFolder name="f1" displayName="fat_fs" projectFiles="true">
                <logicalFolder name="f1" displayName="file_system" projectFiles="true">
                  <itemPath>../src/config/glcd_rgba8888_mxt_mzda_intddr_cu_wvga/system/fs/fat_fs/file_system/ff.c</itemPath>
                  <itemPath>../src/config/glcd_rgba8888_mxt_mzda_intddr_cu_wvga/system/fs/fat_fs/file_system/ffunicode.c</itemPath>
                </logicalFolder>
                <logicalFolder name="f2" displayName="hardware_access" projectFiles="true">
                  <itemPath>../src/config/glcd_rgba8888_mxt_mzda_intddr_cu_wvga/system/fs/fat_fs/hardware_access/diskio.c</itemPath>
                </logicalFolder>
              </logicalFolder>
              <itemPath>../src/config/glcd_rgba8888_mxt_mzda_intddr_cu_wvga/system/fs/src/sys_fs.c</itemPath>
              <itemPath>../src/config/glcd_rgba8888_mxt_mzda_intddr_cu_wvga/system/fs/src/sys_fs_media_manager.c</itemPath>
              <itemPath>../src/config/glcd_rgba8888_mxt_mzda_intddr_cu_wvga/system/fs/src/sys_fs_fat_interface.c</itemPath>
            </logicalFolder>
            <logicalFolder name="f4" displayName="input" projectFiles="true">
              <itemPath>../src/config/glcd_rgba8888_mxt_mzda_intddr_cu_wvga/system/input/sys_input.c</itemPath>
              <itemPath>../src/config/glcd_rgba8888_mxt_mzda_intddr_cu_wvga/system/input/sys_input_listener.c</itemPath>
            </logicalFolder>
            <logicalFolder name="f2" displayName="int" projectFiles="true">
              <itemPath>../src/config/glcd_rgba8888_mxt_mzda_intddr_cu_wvga/system/int/src/sys_int.c</itemPath>
            </logicalFolder>
            <logicalFolder name="f1" displayName="time" projectFiles="true">
              <itemPath>../src/config/glcd_rgba8888_mxt_mzda_intddr_cu_wvga/system/time/src/sys_time.c</itemPath>
            </logicalFolder>
          </logicalFolder>
          <logicalFolder name="f5" displayName="usb" projectFiles="true">
            <logicalFolder name="f1" displayName="src" projectFiles="true">
              <itemPath>../src/config/glcd_rgba8888_mxt_mzda_intddr_cu_wvga/usb/src/usb_host.c</itemPath>
              <itemPath>../src/config/glcd_rgba8888_mxt_mzda_intddr_cu_wvga/usb/src/usb_host_msd.c</itemPath>
              <itemPath>../src/config/glcd_rgba8888_mxt_mzda_intddr_cu_wvga/usb/src/usb_host_scsi.c</itemPath>
            </logicalFolder>
          </logicalFolder>
          <itemPath>../src/config/glcd_rgba8888_mxt_mzda_intddr_cu_wvga/usb_host_init_data.c</itemPath>
          <itemPath>../src/config/glcd_rgba8888_mxt_mzda_intddr_cu_wvga/tasks.c</itemPath>
          <itemPath>../src/config/glcd_rgba8888_mxt_mzda_intddr_cu_wvga/initialization.c</itemPath>
          <itemPath>../src/config/glcd_rgba8888_mxt_mzda_intddr_cu_wvga/interrupts.c</itemPath>
          <itemPath>../src/config/glcd_rgba8888_mxt_mzda_intddr_cu_wvga/exceptions.c</itemPath>
        </logicalFolder>
      </logicalFolder>
      <itemPath>../src/app_Screen0.c</itemPath>
      <itemPath>../src/app_Screen0_Funcs.c</itemPath>
      <itemPath>../src/app.c</itemPath>
      <itemPath>../src/main.c</itemPath>
    </logicalFolder>
    <logicalFolder name="ExternalFiles"
                   displayName="Important Files"
                   projectFiles="false">
      <logicalFolder name="f1"
                     displayName="glcd_rgba8888_mxt_mzda_intddr_cu_wvga.mhc"
                     projectFiles="true">
        <itemPath>../src/config/glcd_rgba8888_mxt_mzda_intddr_cu_wvga/glcd_rgba8888_mxt_mzda_intddr_cu_wvga.mhc/BSP_PIC32MZ_DA_Curiosity.yml</itemPath>
        <itemPath>../src/config/glcd_rgba8888_mxt_mzda_intddr_cu_wvga/glcd_rgba8888_mxt_mzda_intddr_cu_wvga.mhc/core.yml</itemPath>
        <itemPath>../src/config/glcd_rgba8888_mxt_mzda_intddr_cu_wvga/glcd_rgba8888_mxt_mzda_intddr_cu_wvga.mhc/core_timer.yml</itemPath>
        <itemPath>../src/config/glcd_rgba8888_mxt_mzda_intddr_cu_wvga/glcd_rgba8888_mxt_mzda_intddr_cu_wvga.mhc/ddr.yml</itemPath>
        <itemPath>../src/config/glcd_rgba8888_mxt_mzda_intddr_cu_wvga/glcd_rgba8888_mxt_mzda_intddr_cu_wvga.mhc/dfp.yml</itemPath>
        <itemPath>../src/config/glcd_rgba8888_mxt_mzda_intddr_cu_wvga/glcd_rgba8888_mxt_mzda_intddr_cu_wvga.mhc/drv_i2c.yml</itemPath>
        <itemPath>../src/config/glcd_rgba8888_mxt_mzda_intddr_cu_wvga/glcd_rgba8888_mxt_mzda_intddr_cu_wvga.mhc/drv_sdmmc.yml</itemPath>
        <itemPath>../src/config/glcd_rgba8888_mxt_mzda_intddr_cu_wvga/glcd_rgba8888_mxt_mzda_intddr_cu_wvga.mhc/drv_usbhs_v1.yml</itemPath>
        <itemPath>../src/config/glcd_rgba8888_mxt_mzda_intddr_cu_wvga/glcd_rgba8888_mxt_mzda_intddr_cu_wvga.mhc/gfx_disp_pdatm5000_800x480.yml</itemPath>
        <itemPath>../src/config/glcd_rgba8888_mxt_mzda_intddr_cu_wvga/glcd_rgba8888_mxt_mzda_intddr_cu_wvga.mhc/gfx_hal_le.yml</itemPath>
        <itemPath>../src/config/glcd_rgba8888_mxt_mzda_intddr_cu_wvga/glcd_rgba8888_mxt_mzda_intddr_cu_wvga.mhc/gfx_legato.yml</itemPath>
        <itemPath>../src/config/glcd_rgba8888_mxt_mzda_intddr_cu_wvga/glcd_rgba8888_mxt_mzda_intddr_cu_wvga.mhc/gfx_maxtouch_controller.yml</itemPath>
        <itemPath>../src/config/glcd_rgba8888_mxt_mzda_intddr_cu_wvga/glcd_rgba8888_mxt_mzda_intddr_cu_wvga.mhc/GraphSettings.yml</itemPath>
        <itemPath>../src/config/glcd_rgba8888_mxt_mzda_intddr_cu_wvga/glcd_rgba8888_mxt_mzda_intddr_cu_wvga.mhc/HarmonyCore.yml</itemPath>
        <itemPath>../src/config/glcd_rgba8888_mxt_mzda_intddr_cu_wvga/glcd_rgba8888_mxt_mzda_intddr_cu_wvga.mhc/i2c2.yml</itemPath>
        <itemPath>../src/config/glcd_rgba8888_mxt_mzda_intddr_cu_wvga/glcd_rgba8888_mxt_mzda_intddr_cu_wvga.mhc/legato_gfx_pda_tm5000.yml</itemPath>
        <itemPath>../src/config/glcd_rgba8888_mxt_mzda_intddr_cu_wvga/glcd_rgba8888_mxt_mzda_intddr_cu_wvga.mhc/le_gfx_driver_2dgpu.yml</itemPath>
        <itemPath>../src/config/glcd_rgba8888_mxt_mzda_intddr_cu_wvga/glcd_rgba8888_mxt_mzda_intddr_cu_wvga.mhc/le_gfx_driver_glcd.yml</itemPath>
        <itemPath>../src/config/glcd_rgba8888_mxt_mzda_intddr_cu_wvga/glcd_rgba8888_mxt_mzda_intddr_cu_wvga.mhc/project.yml</itemPath>
        <itemPath>../src/config/glcd_rgba8888_mxt_mzda_intddr_cu_wvga/glcd_rgba8888_mxt_mzda_intddr_cu_wvga.mhc/sdhc.yml</itemPath>
        <itemPath>../src/config/glcd_rgba8888_mxt_mzda_intddr_cu_wvga/glcd_rgba8888_mxt_mzda_intddr_cu_wvga.mhc/settings.yml</itemPath>
        <itemPath>../src/config/glcd_rgba8888_mxt_mzda_intddr_cu_wvga/glcd_rgba8888_mxt_mzda_intddr_cu_wvga.mhc/sys_fs.yml</itemPath>
        <itemPath>../src/config/glcd_rgba8888_mxt_mzda_intddr_cu_wvga/glcd_rgba8888_mxt_mzda_intddr_cu_wvga.mhc/sys_input.yml</itemPath>
        <itemPath>../src/config/glcd_rgba8888_mxt_mzda_intddr_cu_wvga/glcd_rgba8888_mxt_mzda_intddr_cu_wvga.mhc/sys_time.yml</itemPath>
        <itemPath>../src/config/glcd_rgba8888_mxt_mzda_intddr_cu_wvga/glcd_rgba8888_mxt_mzda_intddr_cu_wvga.mhc/usb_host.yml</itemPath>
        <itemPath>../src/config/glcd_rgba8888_mxt_mzda_intddr_cu_wvga/glcd_rgba8888_mxt_mzda_intddr_cu_wvga.mhc/usb_host_msd.yml</itemPath>
      </logicalFolder>
      <itemPath>Makefile</itemPath>
      <itemPath>../src/config/glcd_rgba8888_mxt_mzda_intddr_cu_wvga/harmony-manifest-success.yml</itemPath>
      <itemPath>legato_video_player_mzda_cu_tm5000.mc3</itemPath>
    </logicalFolder>
  </logicalFolder>
  <sourceRootList>
    <Elem>../src</Elem>
  </sourceRootList>
  <projectmakefile>Makefile</projectmakefile>
  <confs>
    <conf name="glcd_rgba8888_mxt_mzda_intddr_cu_wvga" type="2">
      <toolsSet>
        <developmentServer>localhost</developmentServer>
        <targetDevice>PIC32MZ2064DAR176</targetDevice>
        <targetHeader></targetHeader>
        <targetPluginBoard></targetPluginBoard>
        <platformTool>pkob4hybrid</platformTool>
        <languageToolchain>XC32</languageToolchain>
        <languageToolchainVersion>3.01</languageToolchainVersion>
        <platform>3</platform>
      </toolsSet>
      <packs>
        <pack name="PIC32MZ-DA_DFP" vendor="Microchip" version="1.2.102"/>
      </packs>
      <ScriptingSettings>
      </ScriptingSettings>
      <compileType>
        <linkerTool>
          <linkerLibItems>
            <linkerLibFileItem>../src/config/glcd_rgba8888_mxt_mzda_intddr_cu_wvga/gfx/driver/processor/2dgpu/lib/libnano2d.a</linkerLibFileItem>
          </linkerLibItems>
        </linkerTool>
        <archiverTool>
        </archiverTool>
        <loading>
          <useAlternateLoadableFile>false</useAlternateLoadableFile>
          <parseOnProdLoad>false</parseOnProdLoad>
          <alternateLoadableFile></alternateLoadableFile>
        </loading>
        <subordinates>
        </subordinates>
      </compileType>
      <makeCustomizationType>
        <makeCustomizationPreStepEnabled>false</makeCustomizationPreStepEnabled>
        <makeUseCleanTarget>false</makeUseCleanTarget>
        <makeCustomizationPreStep></makeCustomizationPreStep>
        <makeCustomizationPostStepEnabled>false</makeCustomizationPostStepEnabled>
        <makeCustomizationPostStep></makeCustomizationPostStep>
        <makeCustomizationPutChecksumInUserID>false</makeCustomizationPutChecksumInUserID>
        <makeCustomizationEnableLongLines>false</makeCustomizationEnableLongLines>
        <makeCustomizationNormalizeHexFile>false</makeCustomizationNormalizeHexFile>
      </makeCustomizationType>
      <C32>
        <property key="additional-warnings" value="true"/>
        <property key="addresss-attribute-use" value="false"/>
        <property key="appendMe" value=""/>
        <property key="enable-app-io" value="false"/>
        <property key="enable-omit-frame-pointer" value="false"/>
        <property key="enable-symbols" value="true"/>
        <property key="enable-unroll-loops" value="false"/>
        <property key="exclude-floating-point" value="false"/>
        <property key="extra-include-directories"
                  value="../src;../src/config/glcd_rgba8888_mxt_mzda_intddr_cu_wvga;../src/config/glcd_rgba8888_mxt_mzda_intddr_cu_wvga/system/fs/fat_fs/file_system;../src/config/glcd_rgba8888_mxt_mzda_intddr_cu_wvga/system/fs/fat_fs/hardware_access"/>
        <property key="generate-16-bit-code" value="false"/>
        <property key="generate-micro-compressed-code" value="false"/>
        <property key="isolate-each-function" value="true"/>
        <property key="make-warnings-into-errors" value="true"/>
        <property key="optimization-level" value="-O1"/>
        <property key="place-data-into-section" value="false"/>
        <property key="post-instruction-scheduling" value="default"/>
        <property key="pre-instruction-scheduling" value="default"/>
        <property key="preprocessor-macros" value=""/>
        <property key="strict-ansi" value="false"/>
        <property key="support-ansi" value="false"/>
        <property key="toplevel-reordering" value=""/>
        <property key="unaligned-access" value=""/>
        <property key="use-cci" value="false"/>
        <property key="use-iar" value="false"/>
        <property key="use-indirect-calls" value="false"/>
      </C32>
      <C32-AR>
        <property key="additional-options-chop-files" value="false"/>
      </C32-AR>
      <C32-AS>
        <property key="assembler-symbols" value=""/>
        <property key="enable-symbols" value="true"/>
        <property key="exclude-floating-point-library" value="false"/>
        <property key="expand-macros" value="false"/>
        <property key="extra-include-directories-for-assembler" value=""/>
        <property key="extra-include-directories-for-preprocessor" value=""/>
        <property key="false-conditionals" value="false"/>
        <property key="generate-16-bit-code" value="false"/>
        <property key="generate-micro-compressed-code" value="false"/>
        <property key="keep-locals" value="false"/>
        <property key="list-assembly" value="false"/>
        <property key="list-source" value="false"/>
        <property key="list-symbols" value="false"/>
        <property key="oXC32asm-list-to-file" value="false"/>
        <property key="omit-debug-dirs" value="false"/>
        <property key="omit-forms" value="false"/>
        <property key="preprocessor-macros" value=""/>
        <property key="warning-level" value=""/>
      </C32-AS>
      <C32-CO>
        <property key="coverage-enable" value=""/>
      </C32-CO>
      <C32-LD>
        <property key="additional-options-use-response-files" value="false"/>
        <property key="additional-options-write-sla" value="false"/>
        <property key="allocate-dinit" value="false"/>
        <property key="appendMe" value=""/>
        <property key="code-dinit" value="false"/>
        <property key="ebase-addr" value=""/>
        <property key="enable-check-sections" value="false"/>
        <property key="exclude-floating-point-library" value="false"/>
        <property key="exclude-standard-libraries" value="false"/>
        <property key="extra-lib-directories" value=""/>
        <property key="fill-flash-options-addr" value=""/>
        <property key="fill-flash-options-const" value=""/>
        <property key="fill-flash-options-how" value="0"/>
        <property key="fill-flash-options-inc-const" value="1"/>
        <property key="fill-flash-options-increment" value=""/>
        <property key="fill-flash-options-seq" value=""/>
        <property key="fill-flash-options-what" value="0"/>
        <property key="generate-16-bit-code" value="false"/>
        <property key="generate-cross-reference-file" value="false"/>
        <property key="generate-micro-compressed-code" value="false"/>
        <property key="heap-size" value="512"/>
        <property key="input-libraries" value=""/>
        <property key="kseg-length" value=""/>
        <property key="kseg-origin" value=""/>
        <property key="linker-symbols" value=""/>
        <property key="map-file" value="${DISTDIR}/${PROJECTNAME}.${IMAGE_TYPE}.map"/>
        <property key="no-device-startup-code" value="true"/>
        <property key="no-startup-files" value="false"/>
        <property key="oXC32ld-extra-opts" value=""/>
        <property key="optimization-level" value=""/>
        <property key="preprocessor-macros" value=""/>
        <property key="remove-unused-sections" value="true"/>
        <property key="report-memory-usage" value="false"/>
        <property key="serial-length" value=""/>
        <property key="serial-origin" value=""/>
        <property key="stack-size" value=""/>
        <property key="symbol-stripping" value=""/>
        <property key="trace-symbols" value=""/>
        <property key="warn-section-align" value="false"/>
      </C32-LD>
      <C32CPP>
        <property key="additional-warnings" value="false"/>
        <property key="addresss-attribute-use" value="false"/>
        <property key="appendMe" value=""/>
        <property key="check-new" value="false"/>
        <property key="eh-specs" value="true"/>
        <property key="enable-app-io" value="false"/>
        <property key="enable-omit-frame-pointer" value="false"/>
        <property key="enable-symbols" value="true"/>
        <property key="enable-unroll-loops" value="false"/>
        <property key="exceptions" value="true"/>
        <property key="exclude-floating-point" value="false"/>
        <property key="extra-include-directories"
                  value="../src;../src/config/glcd_rgba8888_mxt_mzda_intddr_cu_wvga;../src/config/glcd_rgba8888_mxt_mzda_intddr_cu_wvga/system/fs/fat_fs/file_system;../src/config/glcd_rgba8888_mxt_mzda_intddr_cu_wvga/system/fs/fat_fs/hardware_access"/>
        <property key="generate-16-bit-code" value="false"/>
        <property key="generate-micro-compressed-code" value="false"/>
        <property key="isolate-each-function" value="true"/>
        <property key="make-warnings-into-errors" value="false"/>
        <property key="optimization-level" value="-O1"/>
        <property key="place-data-into-section" value="false"/>
        <property key="post-instruction-scheduling" value="default"/>
        <property key="pre-instruction-scheduling" value="default"/>
        <property key="preprocessor-macros" value=""/>
        <property key="rtti" value="true"/>
        <property key="strict-ansi" value="false"/>
        <property key="toplevel-reordering" value=""/>
        <property key="unaligned-access" value=""/>
        <property key="use-cci" value="false"/>
        <property key="use-iar" value="false"/>
        <property key="use-indirect-calls" value="false"/>
      </C32CPP>
      <C32Global>
        <property key="common-include-directories" value=""/>
        <property key="gp-relative-option" value=""/>
        <property key="legacy-libc" value="false"/>
        <property key="mdtcm" value=""/>
        <property key="mitcm" value=""/>
        <property key="mstacktcm" value="false"/>
        <property key="omit-pack-options" value="1"/>
        <property key="relaxed-math" value="false"/>
        <property key="save-temps" value="false"/>
        <property key="wpo-lto" value="false"/>
      </C32Global>
      <PICkit3PlatformTool>
        <property key="ADC 1" value="true"/>
        <property key="AutoSelectMemRanges" value="auto"/>
        <property key="CHANGE NOTICE" value="true"/>
        <property key="COMPARATOR" value="true"/>
        <property key="CTMU" value="true"/>
        <property key="DMA" value="true"/>
        <property key="Freeze All Other Peripherals" value="true"/>
        <property key="I2C1" value="true"/>
        <property key="I2C2" value="true"/>
        <property key="INPUT CAPTURE 1" value="true"/>
        <property key="INPUT CAPTURE 2" value="true"/>
        <property key="INPUT CAPTURE 3" value="true"/>
        <property key="INPUT CAPTURE 4" value="true"/>
        <property key="INPUT CAPTURE 5" value="true"/>
        <property key="INTERRUPT CONTROL" value="true"/>
        <property key="OUTPUT COMPARE 1" value="true"/>
        <property key="OUTPUT COMPARE 2" value="true"/>
        <property key="OUTPUT COMPARE 3" value="true"/>
        <property key="OUTPUT COMPARE 4" value="true"/>
        <property key="OUTPUT COMPARE 5" value="true"/>
        <property key="PARALLEL MASTER/SLAVE PORT" value="true"/>
        <property key="REAL TIME CLOCK" value="true"/>
        <property key="SPI/I2S 1" value="true"/>
        <property key="SPI/I2S 2" value="true"/>
        <property key="SecureSegment.SegmentProgramming" value="FullChipProgramming"/>
        <property key="TIMER1" value="true"/>
        <property key="TIMER2" value="true"/>
        <property key="TIMER3" value="true"/>
        <property key="TIMER4" value="true"/>
        <property key="TIMER5" value="true"/>
        <property key="ToolFirmwareFilePath"
                  value="Press to browse for a specific firmware version"/>
        <property key="ToolFirmwareOption.UseLatestFirmware" value="true"/>
        <property key="UART1" value="true"/>
        <property key="UART2" value="true"/>
        <property key="hwtoolclock.frcindebug" value="false"/>
        <property key="memories.aux" value="false"/>
        <property key="memories.bootflash" value="true"/>
        <property key="memories.configurationmemory" value="true"/>
        <property key="memories.eeprom" value="true"/>
        <property key="memories.flashdata" value="true"/>
        <property key="memories.id" value="true"/>
        <property key="memories.programmemory" value="true"/>
        <property key="memories.programmemory.end" value="0x1d003fff"/>
        <property key="memories.programmemory.start" value="0x1d000000"/>
        <property key="poweroptions.powerenable" value="false"/>
        <property key="programmertogo.imagename" value=""/>
        <property key="programoptions.donoteraseauxmem" value="false"/>
        <property key="programoptions.eraseb4program" value="true"/>
        <property key="programoptions.pgmspeed" value="2"/>
        <property key="programoptions.preserveeeprom" value="false"/>
        <property key="programoptions.preserveprogramrange" value="false"/>
        <property key="programoptions.preserveprogramrange.end" value="0x1d003fff"/>
        <property key="programoptions.preserveprogramrange.start" value="0x1d000000"/>
        <property key="programoptions.preserveuserid" value="false"/>
        <property key="programoptions.testmodeentrymethod" value="VPPFirst"/>
        <property key="programoptions.usehighvoltageonmclr" value="false"/>
        <property key="programoptions.uselvpprogramming" value="false"/>
        <property key="voltagevalue" value="3.25"/>
      </PICkit3PlatformTool>
      <Tool>
        <property key="ADC" value="true"/>
        <property key="AutoSelectMemRanges" value="auto"/>
        <property key="CAN1" value="true"/>
        <property key="CAN2" value="true"/>
        <property key="CHANGE NOTICE A" value="true"/>
        <property key="CHANGE NOTICE B" value="true"/>
        <property key="CHANGE NOTICE C" value="true"/>
        <property key="CHANGE NOTICE D" value="true"/>
        <property key="CHANGE NOTICE E" value="true"/>
        <property key="CHANGE NOTICE F" value="true"/>
        <property key="CHANGE NOTICE G" value="true"/>
        <property key="CHANGE NOTICE H" value="true"/>
        <property key="CHANGE NOTICE J" value="true"/>
        <property key="CHANGE NOTICE K" value="true"/>
        <property key="COMPARATOR" value="true"/>
        <property key="CTMU" value="true"/>
        <property key="DMA" value="true"/>
        <property key="ETHERNET CONTROLLER" value="true"/>
        <property key="Freeze All Other Peripherals" value="true"/>
        <property key="HLVD" value="true"/>
        <property key="I2C 1" value="true"/>
        <property key="I2C 2" value="true"/>
        <property key="I2C 3" value="true"/>
        <property key="I2C 4" value="true"/>
        <property key="I2C 5" value="true"/>
        <property key="INPUT CAPTURE 1" value="true"/>
        <property key="INPUT CAPTURE 2" value="true"/>
        <property key="INPUT CAPTURE 3" value="true"/>
        <property key="INPUT CAPTURE 4" value="true"/>
        <property key="INPUT CAPTURE 5" value="true"/>
        <property key="INPUT CAPTURE 6" value="true"/>
        <property key="INPUT CAPTURE 7" value="true"/>
        <property key="INPUT CAPTURE 8" value="true"/>
        <property key="INPUT CAPTURE 9" value="true"/>
        <property key="INTERRUPT CONTROL" value="true"/>
        <property key="OUTPUT COMPARE 1" value="true"/>
        <property key="OUTPUT COMPARE 2" value="true"/>
        <property key="OUTPUT COMPARE 3" value="true"/>
        <property key="OUTPUT COMPARE 4" value="true"/>
        <property key="OUTPUT COMPARE 5" value="true"/>
        <property key="OUTPUT COMPARE 6" value="true"/>
        <property key="OUTPUT COMPARE 7" value="true"/>
        <property key="OUTPUT COMPARE 8" value="true"/>
        <property key="OUTPUT COMPARE 9" value="true"/>
        <property key="PARALLEL MASTER/SLAVE PORT" value="true"/>
        <property key="REAL TIME CLOCK" value="true"/>
        <property key="REFERENCE CLOCK1" value="true"/>
        <property key="REFERENCE CLOCK2" value="true"/>
        <property key="REFERENCE CLOCK3" value="true"/>
        <property key="REFERENCE CLOCK4" value="true"/>
        <property key="REFERENCE CLOCK5" value="true"/>
        <property key="SPI/I2S 1" value="true"/>
        <property key="SPI/I2S 2" value="true"/>
        <property key="SPI/I2S 3" value="true"/>
        <property key="SPI/I2S 4" value="true"/>
        <property key="SPI/I2S 5" value="true"/>
        <property key="SPI/I2S 6" value="true"/>
        <property key="TIMER1" value="true"/>
        <property key="TIMER2" value="true"/>
        <property key="TIMER3" value="true"/>
        <property key="TIMER4" value="true"/>
        <property key="TIMER5" value="true"/>
        <property key="TIMER6" value="true"/>
        <property key="TIMER7" value="true"/>
        <property key="TIMER8" value="true"/>
        <property key="TIMER9" value="true"/>
        <property key="ToolFirmwareFilePath"
                  value="Press to browse for a specific firmware version"/>
        <property key="ToolFirmwareOption.UpdateOptions"
                  value="ToolFirmwareOption.UseLatest"/>
        <property key="ToolFirmwareToolPack"
                  value="Press to select which tool pack to use"/>
        <property key="UART1" value="true"/>
        <property key="UART2" value="true"/>
        <property key="UART3" value="true"/>
        <property key="UART4" value="true"/>
        <property key="UART5" value="true"/>
        <property key="UART6" value="true"/>
        <property key="communication.interface"
                  value="${communication.interface.default}"/>
        <property key="communication.interface.jtag" value="2wire"/>
        <property key="communication.speed" value="${communication.speed.default}"/>
        <property key="debugoptions.useswbreakpoints" value="false"/>
        <property key="freeze.timers" value="false"/>
        <property key="memories.aux" value="false"/>
        <property key="memories.bootflash" value="true"/>
        <property key="memories.configurationmemory" value="true"/>
        <property key="memories.configurationmemory2" value="true"/>
        <property key="memories.dataflash" value="true"/>
        <property key="memories.eeprom" value="true"/>
        <property key="memories.exclude.configurationmemory" value="true"/>
        <property key="memories.flashdata" value="true"/>
        <property key="memories.id" value="true"/>
        <property key="memories.instruction.ram.ranges"
                  value="${memories.instruction.ram.ranges}"/>
        <property key="memories.programmemory" value="true"/>
        <property key="memories.programmemory.ranges" value="1d000000-1d1fffff"/>
        <property key="memories.rww" value="true"/>
        <property key="programoptions.donoteraseauxmem" value="false"/>
        <property key="programoptions.eraseb4program" value="true"/>
        <property key="programoptions.pgmentry.voltage" value="low"/>
        <property key="programoptions.pgmspeed" value="Med"/>
        <property key="programoptions.preservedataflash" value="false"/>
        <property key="programoptions.preservedataflash.ranges"
                  value="${memories.dataflash.default}"/>
        <property key="programoptions.preserveeeprom" value="false"/>
        <property key="programoptions.preserveeeprom.ranges" value=""/>
        <property key="programoptions.preserveprogram.ranges" value=""/>
        <property key="programoptions.preserveprogramrange" value="false"/>
        <property key="programoptions.preserveuserid" value="false"/>
        <property key="programoptions.programcalmem" value="false"/>
        <property key="programoptions.programuserotp" value="false"/>
        <property key="programoptions.testmodeentrymethod" value="VDDFirst"/>
        <property key="toolpack.updateoptions"
                  value="toolpack.updateoptions.uselatestoolpack"/>
        <property key="toolpack.updateoptions.packversion"
                  value="Press to select which tool pack to use"/>
      </Tool>
      <pkob4hybrid>
        <property key="ADC" value="true"/>
        <property key="AutoSelectMemRanges" value="auto"/>
        <property key="CAN1" value="true"/>
        <property key="CAN2" value="true"/>
        <property key="CHANGE NOTICE A" value="true"/>
        <property key="CHANGE NOTICE B" value="true"/>
        <property key="CHANGE NOTICE C" value="true"/>
        <property key="CHANGE NOTICE D" value="true"/>
        <property key="CHANGE NOTICE E" value="true"/>
        <property key="CHANGE NOTICE F" value="true"/>
        <property key="CHANGE NOTICE G" value="true"/>
        <property key="CHANGE NOTICE H" value="true"/>
        <property key="CHANGE NOTICE J" value="true"/>
        <property key="CHANGE NOTICE K" value="true"/>
        <property key="COMPARATOR" value="true"/>
        <property key="CTMU" value="true"/>
        <property key="DMA" value="true"/>
        <property key="ETHERNET CONTROLLER" value="true"/>
        <property key="Freeze All Other Peripherals" value="true"/>
        <property key="HLVD" value="true"/>
        <property key="I2C 1" value="true"/>
        <property key="I2C 2" value="true"/>
        <property key="I2C 3" value="true"/>
        <property key="I2C 4" value="true"/>
        <property key="I2C 5" value="true"/>
        <property key="INPUT CAPTURE 1" value="true"/>
        <property key="INPUT CAPTURE 2" value="true"/>
        <property key="INPUT CAPTURE 3" value="true"/>
        <property key="INPUT CAPTURE 4" value="true"/>
        <property key="INPUT CAPTURE 5" value="true"/>
        <property key="INPUT CAPTURE 6" value="true"/>
        <property key="INPUT CAPTURE 7" value="true"/>
        <property key="INPUT CAPTURE 8" value="true"/>
        <property key="INPUT CAPTURE 9" value="true"/>
        <property key="INTERRUPT CONTROL" value="true"/>
        <property key="OUTPUT COMPARE 1" value="true"/>
        <property key="OUTPUT COMPARE 2" value="true"/>
        <property key="OUTPUT COMPARE 3" value="true"/>
        <property key="OUTPUT COMPARE 4" value="true"/>
        <property key="OUTPUT COMPARE 5" value="true"/>
        <property key="OUTPUT COMPARE 6" value="true"/>
        <property key="OUTPUT COMPARE 7" value="true"/>
        <property key="OUTPUT COMPARE 8" value="true"/>
        <property key="OUTPUT COMPARE 9" value="true"/>
        <property key="PARALLEL MASTER/SLAVE PORT" value="true"/>
        <property key="REAL TIME CLOCK" value="true"/>
        <property key="REFERENCE CLOCK1" value="true"/>
        <property key="REFERENCE CLOCK2" value="true"/>
        <property key="REFERENCE CLOCK3" value="true"/>
        <property key="REFERENCE CLOCK4" value="true"/>
        <property key="REFERENCE CLOCK5" value="true"/>
        <property key="SPI/I2S 1" value="true"/>
        <property key="SPI/I2S 2" value="true"/>
        <property key="SPI/I2S 3" value="true"/>
        <property key="SPI/I2S 4" value="true"/>
        <property key="SPI/I2S 5" value="true"/>
        <property key="SPI/I2S 6" value="true"/>
        <property key="TIMER1" value="true"/>
        <property key="TIMER2" value="true"/>
        <property key="TIMER3" value="true"/>
        <property key="TIMER4" value="true"/>
        <property key="TIMER5" value="true"/>
        <property key="TIMER6" value="true"/>
        <property key="TIMER7" value="true"/>
        <property key="TIMER8" value="true"/>
        <property key="TIMER9" value="true"/>
        <property key="ToolFirmwareFilePath"
                  value="Press to browse for a specific firmware version"/>
        <property key="ToolFirmwareOption.UpdateOptions"
                  value="ToolFirmwareOption.UseLatest"/>
        <property key="ToolFirmwareToolPack"
                  value="Press to select which tool pack to use"/>
        <property key="UART1" value="true"/>
        <property key="UART2" value="true"/>
        <property key="UART3" value="true"/>
        <property key="UART4" value="true"/>
        <property key="UART5" value="true"/>
        <property key="UART6" value="true"/>
        <property key="communication.interface"
                  value="${communication.interface.default}"/>
        <property key="communication.interface.jtag" value="2wire"/>
        <property key="communication.speed" value="${communication.speed.default}"/>
        <property key="debugoptions.useswbreakpoints" value="false"/>
        <property key="freeze.timers" value="false"/>
        <property key="memories.aux" value="false"/>
        <property key="memories.bootflash" value="true"/>
        <property key="memories.configurationmemory" value="true"/>
        <property key="memories.configurationmemory2" value="true"/>
        <property key="memories.dataflash" value="true"/>
        <property key="memories.eeprom" value="true"/>
        <property key="memories.exclude.configurationmemory" value="true"/>
        <property key="memories.flashdata" value="true"/>
        <property key="memories.id" value="true"/>
        <property key="memories.instruction.ram.ranges"
                  value="${memories.instruction.ram.ranges}"/>
        <property key="memories.programmemory" value="true"/>
        <property key="memories.programmemory.ranges" value="1d000000-1d1fffff"/>
        <property key="memories.rww" value="true"/>
        <property key="programoptions.donoteraseauxmem" value="false"/>
        <property key="programoptions.eraseb4program" value="true"/>
        <property key="programoptions.pgmentry.voltage" value="low"/>
        <property key="programoptions.pgmspeed" value="Med"/>
        <property key="programoptions.preservedataflash" value="false"/>
        <property key="programoptions.preservedataflash.ranges"
                  value="${memories.dataflash.default}"/>
        <property key="programoptions.preserveeeprom" value="false"/>
        <property key="programoptions.preserveeeprom.ranges" value=""/>
        <property key="programoptions.preserveprogram.ranges" value=""/>
        <property key="programoptions.preserveprogramrange" value="false"/>
        <property key="programoptions.preserveuserid" value="false"/>
        <property key="programoptions.programcalmem" value="false"/>
        <property key="programoptions.programuserotp" value="false"/>
        <property key="programoptions.testmodeentrymethod" value="VDDFirst"/>
        <property key="toolpack.updateoptions"
                  value="toolpack.updateoptions.uselatestoolpack"/>
        <property key="toolpack.updateoptions.packversion"
                  value="Press to select which tool pack to use"/>
      </pkob4hybrid>
    </conf>
  </confs>
</configurationDescriptor>
