<?xml version="1.0" encoding="UTF-8"?>
<project-private xmlns="http://www.netbeans.org/ns/project-private/1">
    <editor-bookmarks xmlns="http://www.netbeans.org/ns/editor-bookmarks/2" lastBookmarkId="0"/>
    <open-files xmlns="http://www.netbeans.org/ns/projectui-open-files/2">
        <group>
            <file>file:/D:/mx_lab/compiler/my_pic_projects/PIC18F_Library/ADC.c</file>
            <file>file:/D:/mx_lab/compiler/my_pic_projects/PIC18F_Library/LCD.h</file>
            <file>file:/D:/mx_lab/compiler/my_pic_projects/PIC18F_Library/I2C.h</file>
            <file>file:/D:/mx_lab/compiler/my_pic_projects/EEPROM_SPI.X/EEPROM_SPI_main.c</file>
            <file>file:/D:/mx_lab/compiler/my_pic_projects/PIC18F_Library/Keypad.c</file>
            <file>file:/D:/mx_lab/compiler/my_pic_projects/PIC18F_Library/LCD.c</file>
            <file>file:/D:/mx_lab/compiler/my_pic_projects/PIC18F_Library/I2C.c</file>
            <file>file:/D:/mx_lab/compiler/my_pic_projects/PIC18F_Library/UART.c</file>
            <file>file:/D:/mx_lab/compiler/my_pic_projects/PIC18F_Library/ADC.h</file>
        </group>
    </open-files>
</project-private>
