{
	"metaDataVersion": "1.0.0",
	"category": "com.microchip.ide.project",
	"content": {
		"metaDataVersion": "1.3.0",
		"name": "com.microchip.mcu32.mplabx.project.gfx_apps_pic32mz_da_legato_showcase_round_legato_showcase_round",
		"version": "3.10.0",
		"displayName": "Legato Dashboard Example for PIC32MZ DA Family w/ Round Display",
		"projectName": "legato_showcase_mzda_cu_wvga",
		"shortDescription": "The demo showcases a Smart Home Control User Interface on a stylish, round form factor display with multiple control UI screens for common home appliance and utilities like thermostat, fans and lighting. The demo utilizes the round touch screen display and rotary knob to allow touch and wheel input that complements the round screen and user interface.",
		"ide": {
			"name": "MPLABX",
			"semverRange": ">=5.50.0"
		},
		"compiler": [
			{
				"name": "XC32",
				"semverRange": ">=2.50.0"
			}
		],
		"dfp": {
			"name": "PIC32MZ-DA_DFP",
			"semverRange": "^1.2.102"
		},
		"configurator": {
			"name": "MHC",
			"semverRange": ">=3.6.2"
		},
		"device": {
			"metaDataVersion": "1.0.0",
			"category": "com.microchip.portal.contentRef",
			"content": {
				"metaDataVersion": "1.0.0",
				"category": "com.microchip.device",
				"name": "PIC32MZ2064DAS176",
				"versionRange": "*"
			}
		},
		"author": "Microchip",
		"keywords": [
			"MHC",
			"MCC",
			"MIPS",
			"Harmony",
			"Middleware",
			"Graphics",
			"Memory",
			"Legato",
			"DDR2",
            "maXTouch",
			"Touch",
            "I2C",
			"GPU",
			"I2C",
			"Graphics Controller"
		],
		"additionalData": {
			"longDescription": {
				"metaDataVersion": "1.0.0",
				"category": "com.microchip.portal.fileRef",
				"content": {
					"metaDataVersion": "1.0.0",
					"fileName": "./../../readme.md",
					"mimeType": "text/markdown"
				}
			}
		}
	}
}
