<?xml version="1.0" encoding="UTF-8"?>
<project-private xmlns="http://www.netbeans.org/ns/project-private/1">
    <editor-bookmarks xmlns="http://www.netbeans.org/ns/editor-bookmarks/2" lastBookmarkId="0"/>
    <open-files xmlns="http://www.netbeans.org/ns/projectui-open-files/2">
        <group>
            <file>file:/D:/mx_lab/compiler/my_pic_projects/seven_segment_multiplexer.X/config.h</file>
            <file>file:/D:/mx_lab/compiler/my_pic_projects/seven_segment_multiplexer.X/seven_segment_multiplexer.c</file>
        </group>
    </open-files>
</project-private>
